objectId,region,state,organizationType,organizationId,organizationName,waterType,assessmentUnitId,assessmentUnitName,reportingCycle,overallStatus,epaIrCategory,stateIrCategory,parameterGroup,causeName,sourceName,confirmed,cycleId,locationDescription,waterSize,waterSizeUnits
403071,06,TX,State,TCEQMAIN,Texas,STREAM,TX-1221_06,Leon River Below Proctor Lake,2018,Not Supporting,5,,PH/ACIDITY/CAUSTIC CONDITIONS,"PH, HIGH",AGRICULTURE,N,5342,From confluence with South Leon Creek upstream to confluence with Walnut Creek,23.18,Miles
403072,06,TX,State,TCEQMAIN,Texas,STREAM,TX-1221_06,Leon River Below Proctor Lake,2018,Not Supporting,5,,NUTRIENTS,"NITROGEN, NITRATE",AGRICULTURE,N,5342,From confluence with South Leon Creek upstream to confluence with Walnut Creek,23.18,Miles
403073,06,TX,State,TCEQMAIN,Texas,STREAM,TX-1221_06,Leon River Below Proctor Lake,2018,Not Supporting,5,,ORGANIC ENRICHMENT/OXYGEN DEPLETION,DISSOLVED OXYGEN,AGRICULTURE,N,5342,From confluence with South Leon Creek upstream to confluence with Walnut Creek,23.18,Miles
403074,06,TX,State,TCEQMAIN,Texas,STREAM,TX-1221_06,Leon River Below Proctor Lake,2018,Not Supporting,5,,PATHOGENS,ESCHERICHIA COLI (E. COLI),AGRICULTURE,N,5342,From confluence with South Leon Creek upstream to confluence with Walnut Creek,23.18,Miles
403075,06,TX,State,TCEQMAIN,Texas,STREAM,TX-1221_06,Leon River Below Proctor Lake,2018,Not Supporting,5,,PH/ACIDITY/CAUSTIC CONDITIONS,"PH, LOW",AGRICULTURE,N,5342,From confluence with South Leon Creek upstream to confluence with Walnut Creek,23.18,Miles
403076,06,TX,State,TCEQMAIN,Texas,STREAM,TX-1221_06,Leon River Below Proctor Lake,2018,Not Supporting,5,,SALINITY/TOTAL DISSOLVED SOLIDS/CHLORIDES/SULFATES,SALINITY/TOTAL DISSOLVED SOLIDS/CHLORIDES,AGRICULTURE,N,5342,From confluence with South Leon Creek upstream to confluence with Walnut Creek,23.18,Miles
403077,06,TX,State,TCEQMAIN,Texas,STREAM,TX-1221_06,Leon River Below Proctor Lake,2018,Not Supporting,5,,SALINITY/TOTAL DISSOLVED SOLIDS/CHLORIDES/SULFATES,SULFATE,AGRICULTURE,N,5342,From confluence with South Leon Creek upstream to confluence with Walnut Creek,23.18,Miles
403078,06,TX,State,TCEQMAIN,Texas,STREAM,TX-1221_06,Leon River Below Proctor Lake,2018,Not Supporting,5,,SALINITY/TOTAL DISSOLVED SOLIDS/CHLORIDES/SULFATES,TOTAL DISSOLVED SOLIDS (TDS),AGRICULTURE,N,5342,From confluence with South Leon Creek upstream to confluence with Walnut Creek,23.18,Miles
403079,06,TX,State,TCEQMAIN,Texas,STREAM,TX-1221_06,Leon River Below Proctor Lake,2018,Not Supporting,5,,TEMPERATURE,TEMPERATURE,AGRICULTURE,N,5342,From confluence with South Leon Creek upstream to confluence with Walnut Creek,23.18,Miles
404386,06,TX,State,TCEQMAIN,Texas,STREAM,TX-1211A_02,Davidson Creek,2018,Not Supporting,5,,PATHOGENS,ESCHERICHIA COLI (E. COLI),AGRICULTURE,N,5342,Intermittent stream with perennial pools from the confluence with Yegua Creek upstream to 0.2 km above SH 21 near the City of Caldwell; App D,36.15,Miles
404389,06,TX,State,TCEQMAIN,Texas,STREAM,TX-1211A_02,Davidson Creek,2018,Not Supporting,5,,ORGANIC ENRICHMENT/OXYGEN DEPLETION,DISSOLVED OXYGEN,AGRICULTURE,N,5342,Intermittent stream with perennial pools from the confluence with Yegua Creek upstream to 0.2 km above SH 21 near the City of Caldwell; App D,36.15,Miles
414714,06,TX,State,TCEQMAIN,Texas,STREAM,TX-1255_01,Upper North Bosque River,2018,Not Supporting,5,,ALGAL GROWTH,ALGAE,AGRICULTURE,N,5342,Portion of Upper North Bosque River from confluence with Indian Creek upstream to confluence with Dry Branch in Erath County.,11.52,Miles
414715,06,TX,State,TCEQMAIN,Texas,STREAM,TX-1255_01,Upper North Bosque River,2018,Not Supporting,5,,ORGANIC ENRICHMENT/OXYGEN DEPLETION,DISSOLVED OXYGEN,AGRICULTURE,N,5342,Portion of Upper North Bosque River from confluence with Indian Creek upstream to confluence with Dry Branch in Erath County.,11.52,Miles
414716,06,TX,State,TCEQMAIN,Texas,STREAM,TX-1255_01,Upper North Bosque River,2018,Not Supporting,5,,PATHOGENS,ESCHERICHIA COLI (E. COLI),AGRICULTURE,N,5342,Portion of Upper North Bosque River from confluence with Indian Creek upstream to confluence with Dry Branch in Erath County.,11.52,Miles
414717,06,TX,State,TCEQMAIN,Texas,STREAM,TX-1255_01,Upper North Bosque River,2018,Not Supporting,5,,PH/ACIDITY/CAUSTIC CONDITIONS,"PH, HIGH",AGRICULTURE,N,5342,Portion of Upper North Bosque River from confluence with Indian Creek upstream to confluence with Dry Branch in Erath County.,11.52,Miles
414718,06,TX,State,TCEQMAIN,Texas,STREAM,TX-1255_01,Upper North Bosque River,2018,Not Supporting,5,,PH/ACIDITY/CAUSTIC CONDITIONS,"PH, LOW",AGRICULTURE,N,5342,Portion of Upper North Bosque River from confluence with Indian Creek upstream to confluence with Dry Branch in Erath County.,11.52,Miles
414719,06,TX,State,TCEQMAIN,Texas,STREAM,TX-1255_01,Upper North Bosque River,2018,Not Supporting,5,,SALINITY/TOTAL DISSOLVED SOLIDS/CHLORIDES/SULFATES,SALINITY/TOTAL DISSOLVED SOLIDS/CHLORIDES,AGRICULTURE,N,5342,Portion of Upper North Bosque River from confluence with Indian Creek upstream to confluence with Dry Branch in Erath County.,11.52,Miles
414720,06,TX,State,TCEQMAIN,Texas,STREAM,TX-1255_01,Upper North Bosque River,2018,Not Supporting,5,,SALINITY/TOTAL DISSOLVED SOLIDS/CHLORIDES/SULFATES,SULFATE,AGRICULTURE,N,5342,Portion of Upper North Bosque River from confluence with Indian Creek upstream to confluence with Dry Branch in Erath County.,11.52,Miles
414721,06,TX,State,TCEQMAIN,Texas,STREAM,TX-1255_01,Upper North Bosque River,2018,Not Supporting,5,,SALINITY/TOTAL DISSOLVED SOLIDS/CHLORIDES/SULFATES,TOTAL DISSOLVED SOLIDS (TDS),AGRICULTURE,N,5342,Portion of Upper North Bosque River from confluence with Indian Creek upstream to confluence with Dry Branch in Erath County.,11.52,Miles
414722,06,TX,State,TCEQMAIN,Texas,STREAM,TX-1255_01,Upper North Bosque River,2018,Not Supporting,5,,TEMPERATURE,TEMPERATURE,AGRICULTURE,N,5342,Portion of Upper North Bosque River from confluence with Indian Creek upstream to confluence with Dry Branch in Erath County.,11.52,Miles
418561,06,TX,State,TCEQMAIN,Texas,STREAM,TX-1428C_01,Gilleland Creek,2018,Not Supporting,4A,,ORGANIC ENRICHMENT/OXYGEN DEPLETION,DISSOLVED OXYGEN,AGRICULTURE,N,5342,From the Colorado River upstream to Taylor Lane,5.21,Miles
418562,06,TX,State,TCEQMAIN,Texas,STREAM,TX-1428C_01,Gilleland Creek,2018,Not Supporting,4A,,PATHOGENS,ESCHERICHIA COLI (E. COLI),AGRICULTURE,N,5342,From the Colorado River upstream to Taylor Lane,5.21,Miles
436047,06,TX,State,TCEQMAIN,Texas,STREAM,TX-1255_02,Upper North Bosque River,2018,Not Supporting,5,,ALGAL GROWTH,ALGAE,AGRICULTURE,N,5342,Portion of Upper North  Bosque River from confluence with  Dry Branch upstream to confluence with North/South Forks North Bosque River in Erath County.,1.77,Miles
436048,06,TX,State,TCEQMAIN,Texas,STREAM,TX-1255_02,Upper North Bosque River,2018,Not Supporting,5,,ORGANIC ENRICHMENT/OXYGEN DEPLETION,DISSOLVED OXYGEN,AGRICULTURE,N,5342,Portion of Upper North  Bosque River from confluence with  Dry Branch upstream to confluence with North/South Forks North Bosque River in Erath County.,1.77,Miles
436049,06,TX,State,TCEQMAIN,Texas,STREAM,TX-1255_02,Upper North Bosque River,2018,Not Supporting,5,,PATHOGENS,ESCHERICHIA COLI (E. COLI),AGRICULTURE,N,5342,Portion of Upper North  Bosque River from confluence with  Dry Branch upstream to confluence with North/South Forks North Bosque River in Erath County.,1.77,Miles
436050,06,TX,State,TCEQMAIN,Texas,STREAM,TX-1255_02,Upper North Bosque River,2018,Not Supporting,5,,PH/ACIDITY/CAUSTIC CONDITIONS,"PH, HIGH",AGRICULTURE,N,5342,Portion of Upper North  Bosque River from confluence with  Dry Branch upstream to confluence with North/South Forks North Bosque River in Erath County.,1.77,Miles
436051,06,TX,State,TCEQMAIN,Texas,STREAM,TX-1255_02,Upper North Bosque River,2018,Not Supporting,5,,PH/ACIDITY/CAUSTIC CONDITIONS,"PH, LOW",AGRICULTURE,N,5342,Portion of Upper North  Bosque River from confluence with  Dry Branch upstream to confluence with North/South Forks North Bosque River in Erath County.,1.77,Miles
436052,06,TX,State,TCEQMAIN,Texas,STREAM,TX-1255_02,Upper North Bosque River,2018,Not Supporting,5,,SALINITY/TOTAL DISSOLVED SOLIDS/CHLORIDES/SULFATES,SALINITY/TOTAL DISSOLVED SOLIDS/CHLORIDES,AGRICULTURE,N,5342,Portion of Upper North  Bosque River from confluence with  Dry Branch upstream to confluence with North/South Forks North Bosque River in Erath County.,1.77,Miles
436053,06,TX,State,TCEQMAIN,Texas,STREAM,TX-1255_02,Upper North Bosque River,2018,Not Supporting,5,,SALINITY/TOTAL DISSOLVED SOLIDS/CHLORIDES/SULFATES,SULFATE,AGRICULTURE,N,5342,Portion of Upper North  Bosque River from confluence with  Dry Branch upstream to confluence with North/South Forks North Bosque River in Erath County.,1.77,Miles
436054,06,TX,State,TCEQMAIN,Texas,STREAM,TX-1255_02,Upper North Bosque River,2018,Not Supporting,5,,SALINITY/TOTAL DISSOLVED SOLIDS/CHLORIDES/SULFATES,TOTAL DISSOLVED SOLIDS (TDS),AGRICULTURE,N,5342,Portion of Upper North  Bosque River from confluence with  Dry Branch upstream to confluence with North/South Forks North Bosque River in Erath County.,1.77,Miles
436055,06,TX,State,TCEQMAIN,Texas,STREAM,TX-1255_02,Upper North Bosque River,2018,Not Supporting,5,,TEMPERATURE,TEMPERATURE,AGRICULTURE,N,5342,Portion of Upper North  Bosque River from confluence with  Dry Branch upstream to confluence with North/South Forks North Bosque River in Erath County.,1.77,Miles
478649,06,TX,State,TCEQMAIN,Texas,STREAM,TX-1223_01,Leon River Below Leon Reservoir,2018,Not Supporting,5,,NUTRIENTS,"NITROGEN, NITRATE",AGRICULTURE,N,5342,From a point immediately upstream of the confluence of Mill Branch in Comanche County to Leon Dam in Eastland County,37.54,Miles
478650,06,TX,State,TCEQMAIN,Texas,STREAM,TX-1223_01,Leon River Below Leon Reservoir,2018,Not Supporting,5,,ORGANIC ENRICHMENT/OXYGEN DEPLETION,DISSOLVED OXYGEN,AGRICULTURE,N,5342,From a point immediately upstream of the confluence of Mill Branch in Comanche County to Leon Dam in Eastland County,37.54,Miles
478651,06,TX,State,TCEQMAIN,Texas,STREAM,TX-1223_01,Leon River Below Leon Reservoir,2018,Not Supporting,5,,PATHOGENS,ESCHERICHIA COLI (E. COLI),AGRICULTURE,N,5342,From a point immediately upstream of the confluence of Mill Branch in Comanche County to Leon Dam in Eastland County,37.54,Miles
478652,06,TX,State,TCEQMAIN,Texas,STREAM,TX-1223_01,Leon River Below Leon Reservoir,2018,Not Supporting,5,,PH/ACIDITY/CAUSTIC CONDITIONS,"PH, HIGH",AGRICULTURE,N,5342,From a point immediately upstream of the confluence of Mill Branch in Comanche County to Leon Dam in Eastland County,37.54,Miles
478653,06,TX,State,TCEQMAIN,Texas,STREAM,TX-1223_01,Leon River Below Leon Reservoir,2018,Not Supporting,5,,PH/ACIDITY/CAUSTIC CONDITIONS,"PH, LOW",AGRICULTURE,N,5342,From a point immediately upstream of the confluence of Mill Branch in Comanche County to Leon Dam in Eastland County,37.54,Miles
478654,06,TX,State,TCEQMAIN,Texas,STREAM,TX-1223_01,Leon River Below Leon Reservoir,2018,Not Supporting,5,,SALINITY/TOTAL DISSOLVED SOLIDS/CHLORIDES/SULFATES,SALINITY/TOTAL DISSOLVED SOLIDS/CHLORIDES,AGRICULTURE,N,5342,From a point immediately upstream of the confluence of Mill Branch in Comanche County to Leon Dam in Eastland County,37.54,Miles
478655,06,TX,State,TCEQMAIN,Texas,STREAM,TX-1223_01,Leon River Below Leon Reservoir,2018,Not Supporting,5,,SALINITY/TOTAL DISSOLVED SOLIDS/CHLORIDES/SULFATES,SULFATE,AGRICULTURE,N,5342,From a point immediately upstream of the confluence of Mill Branch in Comanche County to Leon Dam in Eastland County,37.54,Miles
478656,06,TX,State,TCEQMAIN,Texas,STREAM,TX-1223_01,Leon River Below Leon Reservoir,2018,Not Supporting,5,,SALINITY/TOTAL DISSOLVED SOLIDS/CHLORIDES/SULFATES,TOTAL DISSOLVED SOLIDS (TDS),AGRICULTURE,N,5342,From a point immediately upstream of the confluence of Mill Branch in Comanche County to Leon Dam in Eastland County,37.54,Miles
478657,06,TX,State,TCEQMAIN,Texas,STREAM,TX-1223_01,Leon River Below Leon Reservoir,2018,Not Supporting,5,,TEMPERATURE,TEMPERATURE,AGRICULTURE,N,5342,From a point immediately upstream of the confluence of Mill Branch in Comanche County to Leon Dam in Eastland County,37.54,Miles
478658,06,TX,State,TCEQMAIN,Texas,STREAM,TX-1223_01,Leon River Below Leon Reservoir,2018,Not Supporting,5,,TOXIC INORGANICS,FLUORIDE,AGRICULTURE,N,5342,From a point immediately upstream of the confluence of Mill Branch in Comanche County to Leon Dam in Eastland County,37.54,Miles
492008,06,TX,State,TCEQMAIN,Texas,RESERVOIR,TX-1212_04,Somerville Lake,2018,Not Supporting,5,,MERCURY,MERCURY IN SEDIMENT,AGRICULTURE,N,5342,Western end of reservoir near upper segment boundary,2155,Acres
492009,06,TX,State,TCEQMAIN,Texas,RESERVOIR,TX-1212_04,Somerville Lake,2018,Not Supporting,5,,MERCURY,MERCURY IN WATER COLUMN,AGRICULTURE,N,5342,Western end of reservoir near upper segment boundary,2155,Acres
492010,06,TX,State,TCEQMAIN,Texas,RESERVOIR,TX-1212_04,Somerville Lake,2018,Not Supporting,5,,METALS (OTHER THAN MERCURY),ARSENIC,AGRICULTURE,N,5342,Western end of reservoir near upper segment boundary,2155,Acres
492011,06,TX,State,TCEQMAIN,Texas,RESERVOIR,TX-1212_04,Somerville Lake,2018,Not Supporting,5,,METALS (OTHER THAN MERCURY),CADMIUM,AGRICULTURE,N,5342,Western end of reservoir near upper segment boundary,2155,Acres
492012,06,TX,State,TCEQMAIN,Texas,RESERVOIR,TX-1212_04,Somerville Lake,2018,Not Supporting,5,,METALS (OTHER THAN MERCURY),IRON,AGRICULTURE,N,5342,Western end of reservoir near upper segment boundary,2155,Acres
492013,06,TX,State,TCEQMAIN,Texas,RESERVOIR,TX-1212_04,Somerville Lake,2018,Not Supporting,5,,METALS (OTHER THAN MERCURY),LEAD,AGRICULTURE,N,5342,Western end of reservoir near upper segment boundary,2155,Acres
492014,06,TX,State,TCEQMAIN,Texas,RESERVOIR,TX-1212_04,Somerville Lake,2018,Not Supporting,5,,METALS (OTHER THAN MERCURY),LEAD IN SEDIMENT,AGRICULTURE,N,5342,Western end of reservoir near upper segment boundary,2155,Acres
492015,06,TX,State,TCEQMAIN,Texas,RESERVOIR,TX-1212_04,Somerville Lake,2018,Not Supporting,5,,METALS (OTHER THAN MERCURY),MANGANESE,AGRICULTURE,N,5342,Western end of reservoir near upper segment boundary,2155,Acres
492016,06,TX,State,TCEQMAIN,Texas,RESERVOIR,TX-1212_04,Somerville Lake,2018,Not Supporting,5,,METALS (OTHER THAN MERCURY),NICKEL,AGRICULTURE,N,5342,Western end of reservoir near upper segment boundary,2155,Acres
492017,06,TX,State,TCEQMAIN,Texas,RESERVOIR,TX-1212_04,Somerville Lake,2018,Not Supporting,5,,METALS (OTHER THAN MERCURY),ZINC IN SEDIMENT,AGRICULTURE,N,5342,Western end of reservoir near upper segment boundary,2155,Acres
492018,06,TX,State,TCEQMAIN,Texas,RESERVOIR,TX-1212_04,Somerville Lake,2018,Not Supporting,5,,NUTRIENTS,"NITROGEN, NITRATE",AGRICULTURE,N,5342,Western end of reservoir near upper segment boundary,2155,Acres
492019,06,TX,State,TCEQMAIN,Texas,RESERVOIR,TX-1212_04,Somerville Lake,2018,Not Supporting,5,,ORGANIC ENRICHMENT/OXYGEN DEPLETION,DISSOLVED OXYGEN,AGRICULTURE,N,5342,Western end of reservoir near upper segment boundary,2155,Acres
492020,06,TX,State,TCEQMAIN,Texas,RESERVOIR,TX-1212_04,Somerville Lake,2018,Not Supporting,5,,PESTICIDES,DIMETHYL PHTHALATE,AGRICULTURE,N,5342,Western end of reservoir near upper segment boundary,2155,Acres
492021,06,TX,State,TCEQMAIN,Texas,RESERVOIR,TX-1212_04,Somerville Lake,2018,Not Supporting,5,,PESTICIDES,NAPHTHALENE,AGRICULTURE,N,5342,Western end of reservoir near upper segment boundary,2155,Acres
492022,06,TX,State,TCEQMAIN,Texas,RESERVOIR,TX-1212_04,Somerville Lake,2018,Not Supporting,5,,PH/ACIDITY/CAUSTIC CONDITIONS,"PH, HIGH",AGRICULTURE,N,5342,Western end of reservoir near upper segment boundary,2155,Acres
492023,06,TX,State,TCEQMAIN,Texas,RESERVOIR,TX-1212_04,Somerville Lake,2018,Not Supporting,5,,PH/ACIDITY/CAUSTIC CONDITIONS,"PH, LOW",AGRICULTURE,N,5342,Western end of reservoir near upper segment boundary,2155,Acres
492024,06,TX,State,TCEQMAIN,Texas,RESERVOIR,TX-1212_04,Somerville Lake,2018,Not Supporting,5,,SALINITY/TOTAL DISSOLVED SOLIDS/CHLORIDES/SULFATES,SALINITY/TOTAL DISSOLVED SOLIDS/CHLORIDES,AGRICULTURE,N,5342,Western end of reservoir near upper segment boundary,2155,Acres
492025,06,TX,State,TCEQMAIN,Texas,RESERVOIR,TX-1212_04,Somerville Lake,2018,Not Supporting,5,,SALINITY/TOTAL DISSOLVED SOLIDS/CHLORIDES/SULFATES,SULFATE,AGRICULTURE,N,5342,Western end of reservoir near upper segment boundary,2155,Acres
492026,06,TX,State,TCEQMAIN,Texas,RESERVOIR,TX-1212_04,Somerville Lake,2018,Not Supporting,5,,SALINITY/TOTAL DISSOLVED SOLIDS/CHLORIDES/SULFATES,TOTAL DISSOLVED SOLIDS (TDS),AGRICULTURE,N,5342,Western end of reservoir near upper segment boundary,2155,Acres
492027,06,TX,State,TCEQMAIN,Texas,RESERVOIR,TX-1212_04,Somerville Lake,2018,Not Supporting,5,,TEMPERATURE,TEMPERATURE,AGRICULTURE,N,5342,Western end of reservoir near upper segment boundary,2155,Acres
492028,06,TX,State,TCEQMAIN,Texas,RESERVOIR,TX-1212_04,Somerville Lake,2018,Not Supporting,5,,TOXIC INORGANICS,FLUORIDE,AGRICULTURE,N,5342,Western end of reservoir near upper segment boundary,2155,Acres
492029,06,TX,State,TCEQMAIN,Texas,RESERVOIR,TX-1212_04,Somerville Lake,2018,Not Supporting,5,,TOXIC ORGANICS,"1,2,4,5-TETRACHLOROBENZENE",AGRICULTURE,N,5342,Western end of reservoir near upper segment boundary,2155,Acres
492030,06,TX,State,TCEQMAIN,Texas,RESERVOIR,TX-1212_04,Somerville Lake,2018,Not Supporting,5,,TOXIC ORGANICS,"1,2,4-TRICHLOROBENZENE",AGRICULTURE,N,5342,Western end of reservoir near upper segment boundary,2155,Acres
492031,06,TX,State,TCEQMAIN,Texas,RESERVOIR,TX-1212_04,Somerville Lake,2018,Not Supporting,5,,TOXIC ORGANICS,"2,4-DINITROTOLUENE",AGRICULTURE,N,5342,Western end of reservoir near upper segment boundary,2155,Acres
492032,06,TX,State,TCEQMAIN,Texas,RESERVOIR,TX-1212_04,Somerville Lake,2018,Not Supporting,5,,TOXIC ORGANICS,ACENAPHTHENE,AGRICULTURE,N,5342,Western end of reservoir near upper segment boundary,2155,Acres
492033,06,TX,State,TCEQMAIN,Texas,RESERVOIR,TX-1212_04,Somerville Lake,2018,Not Supporting,5,,TOXIC ORGANICS,ACENAPHTHYLENE,AGRICULTURE,N,5342,Western end of reservoir near upper segment boundary,2155,Acres
492034,06,TX,State,TCEQMAIN,Texas,RESERVOIR,TX-1212_04,Somerville Lake,2018,Not Supporting,5,,TOXIC ORGANICS,ANTHRACENE,AGRICULTURE,N,5342,Western end of reservoir near upper segment boundary,2155,Acres
492035,06,TX,State,TCEQMAIN,Texas,RESERVOIR,TX-1212_04,Somerville Lake,2018,Not Supporting,5,,TOXIC ORGANICS,BIS(2 ETHYLHEXYL)PHTHALATE,AGRICULTURE,N,5342,Western end of reservoir near upper segment boundary,2155,Acres
492036,06,TX,State,TCEQMAIN,Texas,RESERVOIR,TX-1212_04,Somerville Lake,2018,Not Supporting,5,,TOXIC ORGANICS,CONTAMINATED SEDIMENTS (BENZO[A]ANTHRACENE),AGRICULTURE,N,5342,Western end of reservoir near upper segment boundary,2155,Acres
492037,06,TX,State,TCEQMAIN,Texas,RESERVOIR,TX-1212_04,Somerville Lake,2018,Not Supporting,5,,TOXIC ORGANICS,CONTAMINATED SEDIMENTS (BENZO[A]PYRENE),AGRICULTURE,N,5342,Western end of reservoir near upper segment boundary,2155,Acres
492038,06,TX,State,TCEQMAIN,Texas,RESERVOIR,TX-1212_04,Somerville Lake,2018,Not Supporting,5,,TOXIC ORGANICS,CONTAMINATED SEDIMENTS (CHRYSENE),AGRICULTURE,N,5342,Western end of reservoir near upper segment boundary,2155,Acres
492039,06,TX,State,TCEQMAIN,Texas,RESERVOIR,TX-1212_04,Somerville Lake,2018,Not Supporting,5,,TOXIC ORGANICS,CONTAMINATED SEDIMENTS (PHENANTHRENE),AGRICULTURE,N,5342,Western end of reservoir near upper segment boundary,2155,Acres
492040,06,TX,State,TCEQMAIN,Texas,RESERVOIR,TX-1212_04,Somerville Lake,2018,Not Supporting,5,,TOXIC ORGANICS,CONTAMINATED SEDIMENTS (PYRENE),AGRICULTURE,N,5342,Western end of reservoir near upper segment boundary,2155,Acres
492041,06,TX,State,TCEQMAIN,Texas,RESERVOIR,TX-1212_04,Somerville Lake,2018,Not Supporting,5,,TOXIC ORGANICS,"DIBENZ[A,H]ANTHRACENE",AGRICULTURE,N,5342,Western end of reservoir near upper segment boundary,2155,Acres
492042,06,TX,State,TCEQMAIN,Texas,RESERVOIR,TX-1212_04,Somerville Lake,2018,Not Supporting,5,,TOXIC ORGANICS,FLUORENE,AGRICULTURE,N,5342,Western end of reservoir near upper segment boundary,2155,Acres
492043,06,TX,State,TCEQMAIN,Texas,RESERVOIR,TX-1212_04,Somerville Lake,2018,Not Supporting,5,,TOXIC ORGANICS,HEXACHLOROBUTADIENE,AGRICULTURE,N,5342,Western end of reservoir near upper segment boundary,2155,Acres
492044,06,TX,State,TCEQMAIN,Texas,RESERVOIR,TX-1212_04,Somerville Lake,2018,Not Supporting,5,,TOXIC ORGANICS,HEXACHLOROETHANE,AGRICULTURE,N,5342,Western end of reservoir near upper segment boundary,2155,Acres
492045,06,TX,State,TCEQMAIN,Texas,RESERVOIR,TX-1212_04,Somerville Lake,2018,Not Supporting,5,,TOXIC ORGANICS,PENTACHLOROPHENOL (PCP),AGRICULTURE,N,5342,Western end of reservoir near upper segment boundary,2155,Acres
492046,06,TX,State,TCEQMAIN,Texas,RESERVOIR,TX-1212_04,Somerville Lake,2018,Not Supporting,5,,TOXIC ORGANICS,PHENOL,AGRICULTURE,N,5342,Western end of reservoir near upper segment boundary,2155,Acres
492047,06,TX,State,TCEQMAIN,Texas,RESERVOIR,TX-1212_04,Somerville Lake,2018,Not Supporting,5,,TOXIC ORGANICS,"1,2-DICHLOROBENZENE",AGRICULTURE,N,5342,Western end of reservoir near upper segment boundary,2155,Acres
492048,06,TX,State,TCEQMAIN,Texas,RESERVOIR,TX-1212_04,Somerville Lake,2018,Not Supporting,5,,TOXIC ORGANICS,"1,4-DICHLOROBENZENE",AGRICULTURE,N,5342,Western end of reservoir near upper segment boundary,2155,Acres
492049,06,TX,State,TCEQMAIN,Texas,RESERVOIR,TX-1212_04,Somerville Lake,2018,Not Supporting,5,,TOXIC ORGANICS,4-CHLORO-3-METHYLPHENOL (3-METHYL-4-CHLOROPHENOL),AGRICULTURE,N,5342,Western end of reservoir near upper segment boundary,2155,Acres
492050,06,TX,State,TCEQMAIN,Texas,RESERVOIR,TX-1212_04,Somerville Lake,2018,Not Supporting,5,,TOXIC ORGANICS,DIETHYL PHTHALATE,AGRICULTURE,N,5342,Western end of reservoir near upper segment boundary,2155,Acres
492051,06,TX,State,TCEQMAIN,Texas,RESERVOIR,TX-1212_04,Somerville Lake,2018,Not Supporting,5,,TOXIC ORGANICS,DI-N-BUTYL PHTHALATE,AGRICULTURE,N,5342,Western end of reservoir near upper segment boundary,2155,Acres
492052,06,TX,State,TCEQMAIN,Texas,RESERVOIR,TX-1212_04,Somerville Lake,2018,Not Supporting,5,,TOXIC ORGANICS,DI-N-OCTYL PHTHALATE,AGRICULTURE,N,5342,Western end of reservoir near upper segment boundary,2155,Acres
492053,06,TX,State,TCEQMAIN,Texas,RESERVOIR,TX-1212_04,Somerville Lake,2018,Not Supporting,5,,TOXIC ORGANICS,N-BUTYLBENZYLPHTHALATE,AGRICULTURE,N,5342,Western end of reservoir near upper segment boundary,2155,Acres
492054,06,TX,State,TCEQMAIN,Texas,RESERVOIR,TX-1212_04,Somerville Lake,2018,Not Supporting,5,,TOXIC ORGANICS,NITROBENZENE,AGRICULTURE,N,5342,Western end of reservoir near upper segment boundary,2155,Acres
492055,06,TX,State,TCEQMAIN,Texas,RESERVOIR,TX-1212_04,Somerville Lake,2018,Not Supporting,5,,TOXIC ORGANICS,PENTACHLOROBENZENE,AGRICULTURE,N,5342,Western end of reservoir near upper segment boundary,2155,Acres
492056,06,TX,State,TCEQMAIN,Texas,RESERVOIR,TX-1212_04,Somerville Lake,2018,Not Supporting,5,,METALS (OTHER THAN MERCURY),ARSENIC IN SEDIMENT,AGRICULTURE,N,5342,Western end of reservoir near upper segment boundary,2155,Acres
492057,06,TX,State,TCEQMAIN,Texas,RESERVOIR,TX-1212_04,Somerville Lake,2018,Not Supporting,5,,METALS (OTHER THAN MERCURY),CADMIUM IN SEDIMENT,AGRICULTURE,N,5342,Western end of reservoir near upper segment boundary,2155,Acres
492058,06,TX,State,TCEQMAIN,Texas,RESERVOIR,TX-1212_04,Somerville Lake,2018,Not Supporting,5,,METALS (OTHER THAN MERCURY),CHROMIUM IN SEDIMENT,AGRICULTURE,N,5342,Western end of reservoir near upper segment boundary,2155,Acres
492059,06,TX,State,TCEQMAIN,Texas,RESERVOIR,TX-1212_04,Somerville Lake,2018,Not Supporting,5,,METALS (OTHER THAN MERCURY),COPPER IN SEDIMENT,AGRICULTURE,N,5342,Western end of reservoir near upper segment boundary,2155,Acres
492060,06,TX,State,TCEQMAIN,Texas,RESERVOIR,TX-1212_04,Somerville Lake,2018,Not Supporting,5,,METALS (OTHER THAN MERCURY),NICKEL IN SEDIMENT,AGRICULTURE,N,5342,Western end of reservoir near upper segment boundary,2155,Acres
492061,06,TX,State,TCEQMAIN,Texas,RESERVOIR,TX-1212_04,Somerville Lake,2018,Not Supporting,5,,METALS (OTHER THAN MERCURY),"SELENIUM, TOTAL",AGRICULTURE,N,5342,Western end of reservoir near upper segment boundary,2155,Acres
492062,06,TX,State,TCEQMAIN,Texas,RESERVOIR,TX-1212_04,Somerville Lake,2018,Not Supporting,5,,METALS (OTHER THAN MERCURY),SILVER IN SEDIMENT,AGRICULTURE,N,5342,Western end of reservoir near upper segment boundary,2155,Acres
492063,06,TX,State,TCEQMAIN,Texas,RESERVOIR,TX-1212_04,Somerville Lake,2018,Not Supporting,5,,TOXIC ORGANICS,"1,3-DICHLOROBENZENE",AGRICULTURE,N,5342,Western end of reservoir near upper segment boundary,2155,Acres
492064,06,TX,State,TCEQMAIN,Texas,RESERVOIR,TX-1212_04,Somerville Lake,2018,Not Supporting,5,,TOXIC ORGANICS,CONTAMINATED SEDIMENTS (FLUORANTHENE),AGRICULTURE,N,5342,Western end of reservoir near upper segment boundary,2155,Acres
511331,06,TX,State,TCEQMAIN,Texas,RESERVOIR,TX-1212_01,Somerville Lake,2018,Not Supporting,5,,MERCURY,MERCURY IN SEDIMENT,AGRICULTURE,N,5342,Eastern end of reservoir near dam,3559.4,Acres
511332,06,TX,State,TCEQMAIN,Texas,RESERVOIR,TX-1212_01,Somerville Lake,2018,Not Supporting,5,,MERCURY,MERCURY IN WATER COLUMN,AGRICULTURE,N,5342,Eastern end of reservoir near dam,3559.4,Acres
511333,06,TX,State,TCEQMAIN,Texas,RESERVOIR,TX-1212_01,Somerville Lake,2018,Not Supporting,5,,METALS (OTHER THAN MERCURY),ARSENIC,AGRICULTURE,N,5342,Eastern end of reservoir near dam,3559.4,Acres
511334,06,TX,State,TCEQMAIN,Texas,RESERVOIR,TX-1212_01,Somerville Lake,2018,Not Supporting,5,,METALS (OTHER THAN MERCURY),CADMIUM,AGRICULTURE,N,5342,Eastern end of reservoir near dam,3559.4,Acres
511335,06,TX,State,TCEQMAIN,Texas,RESERVOIR,TX-1212_01,Somerville Lake,2018,Not Supporting,5,,METALS (OTHER THAN MERCURY),"CHROMIUM, TRIVALENT",AGRICULTURE,N,5342,Eastern end of reservoir near dam,3559.4,Acres
511336,06,TX,State,TCEQMAIN,Texas,RESERVOIR,TX-1212_01,Somerville Lake,2018,Not Supporting,5,,METALS (OTHER THAN MERCURY),IRON,AGRICULTURE,N,5342,Eastern end of reservoir near dam,3559.4,Acres
511337,06,TX,State,TCEQMAIN,Texas,RESERVOIR,TX-1212_01,Somerville Lake,2018,Not Supporting,5,,METALS (OTHER THAN MERCURY),LEAD,AGRICULTURE,N,5342,Eastern end of reservoir near dam,3559.4,Acres
511338,06,TX,State,TCEQMAIN,Texas,RESERVOIR,TX-1212_01,Somerville Lake,2018,Not Supporting,5,,METALS (OTHER THAN MERCURY),LEAD IN SEDIMENT,AGRICULTURE,N,5342,Eastern end of reservoir near dam,3559.4,Acres
511339,06,TX,State,TCEQMAIN,Texas,RESERVOIR,TX-1212_01,Somerville Lake,2018,Not Supporting,5,,METALS (OTHER THAN MERCURY),MANGANESE,AGRICULTURE,N,5342,Eastern end of reservoir near dam,3559.4,Acres
511340,06,TX,State,TCEQMAIN,Texas,RESERVOIR,TX-1212_01,Somerville Lake,2018,Not Supporting,5,,METALS (OTHER THAN MERCURY),NICKEL,AGRICULTURE,N,5342,Eastern end of reservoir near dam,3559.4,Acres
511341,06,TX,State,TCEQMAIN,Texas,RESERVOIR,TX-1212_01,Somerville Lake,2018,Not Supporting,5,,METALS (OTHER THAN MERCURY),ZINC IN SEDIMENT,AGRICULTURE,N,5342,Eastern end of reservoir near dam,3559.4,Acres
511342,06,TX,State,TCEQMAIN,Texas,RESERVOIR,TX-1212_01,Somerville Lake,2018,Not Supporting,5,,METALS (OTHER THAN MERCURY),"ZINC, DISSOLVED",AGRICULTURE,N,5342,Eastern end of reservoir near dam,3559.4,Acres
511343,06,TX,State,TCEQMAIN,Texas,RESERVOIR,TX-1212_01,Somerville Lake,2018,Not Supporting,5,,NUTRIENTS,"NITROGEN, NITRATE",AGRICULTURE,N,5342,Eastern end of reservoir near dam,3559.4,Acres
511344,06,TX,State,TCEQMAIN,Texas,RESERVOIR,TX-1212_01,Somerville Lake,2018,Not Supporting,5,,ORGANIC ENRICHMENT/OXYGEN DEPLETION,DISSOLVED OXYGEN,AGRICULTURE,N,5342,Eastern end of reservoir near dam,3559.4,Acres
511345,06,TX,State,TCEQMAIN,Texas,RESERVOIR,TX-1212_01,Somerville Lake,2018,Not Supporting,5,,PATHOGENS,ESCHERICHIA COLI (E. COLI),AGRICULTURE,N,5342,Eastern end of reservoir near dam,3559.4,Acres
511346,06,TX,State,TCEQMAIN,Texas,RESERVOIR,TX-1212_01,Somerville Lake,2018,Not Supporting,5,,PESTICIDES,DIMETHYL PHTHALATE,AGRICULTURE,N,5342,Eastern end of reservoir near dam,3559.4,Acres
511347,06,TX,State,TCEQMAIN,Texas,RESERVOIR,TX-1212_01,Somerville Lake,2018,Not Supporting,5,,PESTICIDES,NAPHTHALENE,AGRICULTURE,N,5342,Eastern end of reservoir near dam,3559.4,Acres
511348,06,TX,State,TCEQMAIN,Texas,RESERVOIR,TX-1212_01,Somerville Lake,2018,Not Supporting,5,,PH/ACIDITY/CAUSTIC CONDITIONS,"PH, HIGH",AGRICULTURE,N,5342,Eastern end of reservoir near dam,3559.4,Acres
511349,06,TX,State,TCEQMAIN,Texas,RESERVOIR,TX-1212_01,Somerville Lake,2018,Not Supporting,5,,PH/ACIDITY/CAUSTIC CONDITIONS,"PH, LOW",AGRICULTURE,N,5342,Eastern end of reservoir near dam,3559.4,Acres
511350,06,TX,State,TCEQMAIN,Texas,RESERVOIR,TX-1212_01,Somerville Lake,2018,Not Supporting,5,,SALINITY/TOTAL DISSOLVED SOLIDS/CHLORIDES/SULFATES,SALINITY/TOTAL DISSOLVED SOLIDS/CHLORIDES,AGRICULTURE,N,5342,Eastern end of reservoir near dam,3559.4,Acres
511351,06,TX,State,TCEQMAIN,Texas,RESERVOIR,TX-1212_01,Somerville Lake,2018,Not Supporting,5,,SALINITY/TOTAL DISSOLVED SOLIDS/CHLORIDES/SULFATES,SULFATE,AGRICULTURE,N,5342,Eastern end of reservoir near dam,3559.4,Acres
511352,06,TX,State,TCEQMAIN,Texas,RESERVOIR,TX-1212_01,Somerville Lake,2018,Not Supporting,5,,SALINITY/TOTAL DISSOLVED SOLIDS/CHLORIDES/SULFATES,TOTAL DISSOLVED SOLIDS (TDS),AGRICULTURE,N,5342,Eastern end of reservoir near dam,3559.4,Acres
511353,06,TX,State,TCEQMAIN,Texas,RESERVOIR,TX-1212_01,Somerville Lake,2018,Not Supporting,5,,TEMPERATURE,TEMPERATURE,AGRICULTURE,N,5342,Eastern end of reservoir near dam,3559.4,Acres
511354,06,TX,State,TCEQMAIN,Texas,RESERVOIR,TX-1212_01,Somerville Lake,2018,Not Supporting,5,,TOXIC INORGANICS,FLUORIDE,AGRICULTURE,N,5342,Eastern end of reservoir near dam,3559.4,Acres
511355,06,TX,State,TCEQMAIN,Texas,RESERVOIR,TX-1212_01,Somerville Lake,2018,Not Supporting,5,,TOXIC ORGANICS,"1,2,4,5-TETRACHLOROBENZENE",AGRICULTURE,N,5342,Eastern end of reservoir near dam,3559.4,Acres
511356,06,TX,State,TCEQMAIN,Texas,RESERVOIR,TX-1212_01,Somerville Lake,2018,Not Supporting,5,,TOXIC ORGANICS,"1,2,4-TRICHLOROBENZENE",AGRICULTURE,N,5342,Eastern end of reservoir near dam,3559.4,Acres
511357,06,TX,State,TCEQMAIN,Texas,RESERVOIR,TX-1212_01,Somerville Lake,2018,Not Supporting,5,,TOXIC ORGANICS,"2,4-DINITROTOLUENE",AGRICULTURE,N,5342,Eastern end of reservoir near dam,3559.4,Acres
511358,06,TX,State,TCEQMAIN,Texas,RESERVOIR,TX-1212_01,Somerville Lake,2018,Not Supporting,5,,TOXIC ORGANICS,ACENAPHTHENE,AGRICULTURE,N,5342,Eastern end of reservoir near dam,3559.4,Acres
511359,06,TX,State,TCEQMAIN,Texas,RESERVOIR,TX-1212_01,Somerville Lake,2018,Not Supporting,5,,TOXIC ORGANICS,ACENAPHTHYLENE,AGRICULTURE,N,5342,Eastern end of reservoir near dam,3559.4,Acres
511360,06,TX,State,TCEQMAIN,Texas,RESERVOIR,TX-1212_01,Somerville Lake,2018,Not Supporting,5,,TOXIC ORGANICS,ANTHRACENE,AGRICULTURE,N,5342,Eastern end of reservoir near dam,3559.4,Acres
511361,06,TX,State,TCEQMAIN,Texas,RESERVOIR,TX-1212_01,Somerville Lake,2018,Not Supporting,5,,TOXIC ORGANICS,BIS(2 ETHYLHEXYL)PHTHALATE,AGRICULTURE,N,5342,Eastern end of reservoir near dam,3559.4,Acres
511362,06,TX,State,TCEQMAIN,Texas,RESERVOIR,TX-1212_01,Somerville Lake,2018,Not Supporting,5,,TOXIC ORGANICS,CONTAMINATED SEDIMENTS (BENZO[A]ANTHRACENE),AGRICULTURE,N,5342,Eastern end of reservoir near dam,3559.4,Acres
511363,06,TX,State,TCEQMAIN,Texas,RESERVOIR,TX-1212_01,Somerville Lake,2018,Not Supporting,5,,TOXIC ORGANICS,CONTAMINATED SEDIMENTS (BENZO[A]PYRENE),AGRICULTURE,N,5342,Eastern end of reservoir near dam,3559.4,Acres
511364,06,TX,State,TCEQMAIN,Texas,RESERVOIR,TX-1212_01,Somerville Lake,2018,Not Supporting,5,,TOXIC ORGANICS,CONTAMINATED SEDIMENTS (CHRYSENE),AGRICULTURE,N,5342,Eastern end of reservoir near dam,3559.4,Acres
511365,06,TX,State,TCEQMAIN,Texas,RESERVOIR,TX-1212_01,Somerville Lake,2018,Not Supporting,5,,TOXIC ORGANICS,CONTAMINATED SEDIMENTS (PHENANTHRENE),AGRICULTURE,N,5342,Eastern end of reservoir near dam,3559.4,Acres
511366,06,TX,State,TCEQMAIN,Texas,RESERVOIR,TX-1212_01,Somerville Lake,2018,Not Supporting,5,,TOXIC ORGANICS,CONTAMINATED SEDIMENTS (PYRENE),AGRICULTURE,N,5342,Eastern end of reservoir near dam,3559.4,Acres
511367,06,TX,State,TCEQMAIN,Texas,RESERVOIR,TX-1212_01,Somerville Lake,2018,Not Supporting,5,,TOXIC ORGANICS,"DIBENZ[A,H]ANTHRACENE",AGRICULTURE,N,5342,Eastern end of reservoir near dam,3559.4,Acres
511368,06,TX,State,TCEQMAIN,Texas,RESERVOIR,TX-1212_01,Somerville Lake,2018,Not Supporting,5,,TOXIC ORGANICS,FLUORENE,AGRICULTURE,N,5342,Eastern end of reservoir near dam,3559.4,Acres
511369,06,TX,State,TCEQMAIN,Texas,RESERVOIR,TX-1212_01,Somerville Lake,2018,Not Supporting,5,,TOXIC ORGANICS,HEXACHLOROBUTADIENE,AGRICULTURE,N,5342,Eastern end of reservoir near dam,3559.4,Acres
511370,06,TX,State,TCEQMAIN,Texas,RESERVOIR,TX-1212_01,Somerville Lake,2018,Not Supporting,5,,TOXIC ORGANICS,HEXACHLOROETHANE,AGRICULTURE,N,5342,Eastern end of reservoir near dam,3559.4,Acres
511371,06,TX,State,TCEQMAIN,Texas,RESERVOIR,TX-1212_01,Somerville Lake,2018,Not Supporting,5,,TOXIC ORGANICS,PENTACHLOROPHENOL (PCP),AGRICULTURE,N,5342,Eastern end of reservoir near dam,3559.4,Acres
511372,06,TX,State,TCEQMAIN,Texas,RESERVOIR,TX-1212_01,Somerville Lake,2018,Not Supporting,5,,TOXIC ORGANICS,PHENOL,AGRICULTURE,N,5342,Eastern end of reservoir near dam,3559.4,Acres
511373,06,TX,State,TCEQMAIN,Texas,RESERVOIR,TX-1212_01,Somerville Lake,2018,Not Supporting,5,,METALS (OTHER THAN MERCURY),"ALUMINUM, DISSOLVED",AGRICULTURE,N,5342,Eastern end of reservoir near dam,3559.4,Acres
511374,06,TX,State,TCEQMAIN,Texas,RESERVOIR,TX-1212_01,Somerville Lake,2018,Not Supporting,5,,TOXIC ORGANICS,"1,2-DICHLOROBENZENE",AGRICULTURE,N,5342,Eastern end of reservoir near dam,3559.4,Acres
511375,06,TX,State,TCEQMAIN,Texas,RESERVOIR,TX-1212_01,Somerville Lake,2018,Not Supporting,5,,TOXIC ORGANICS,"1,4-DICHLOROBENZENE",AGRICULTURE,N,5342,Eastern end of reservoir near dam,3559.4,Acres
511376,06,TX,State,TCEQMAIN,Texas,RESERVOIR,TX-1212_01,Somerville Lake,2018,Not Supporting,5,,TOXIC ORGANICS,4-CHLORO-3-METHYLPHENOL (3-METHYL-4-CHLOROPHENOL),AGRICULTURE,N,5342,Eastern end of reservoir near dam,3559.4,Acres
511377,06,TX,State,TCEQMAIN,Texas,RESERVOIR,TX-1212_01,Somerville Lake,2018,Not Supporting,5,,TOXIC ORGANICS,DIETHYL PHTHALATE,AGRICULTURE,N,5342,Eastern end of reservoir near dam,3559.4,Acres
511378,06,TX,State,TCEQMAIN,Texas,RESERVOIR,TX-1212_01,Somerville Lake,2018,Not Supporting,5,,TOXIC ORGANICS,DI-N-BUTYL PHTHALATE,AGRICULTURE,N,5342,Eastern end of reservoir near dam,3559.4,Acres
511379,06,TX,State,TCEQMAIN,Texas,RESERVOIR,TX-1212_01,Somerville Lake,2018,Not Supporting,5,,TOXIC ORGANICS,DI-N-OCTYL PHTHALATE,AGRICULTURE,N,5342,Eastern end of reservoir near dam,3559.4,Acres
511380,06,TX,State,TCEQMAIN,Texas,RESERVOIR,TX-1212_01,Somerville Lake,2018,Not Supporting,5,,TOXIC ORGANICS,N-BUTYLBENZYLPHTHALATE,AGRICULTURE,N,5342,Eastern end of reservoir near dam,3559.4,Acres
511381,06,TX,State,TCEQMAIN,Texas,RESERVOIR,TX-1212_01,Somerville Lake,2018,Not Supporting,5,,TOXIC ORGANICS,NITROBENZENE,AGRICULTURE,N,5342,Eastern end of reservoir near dam,3559.4,Acres
511382,06,TX,State,TCEQMAIN,Texas,RESERVOIR,TX-1212_01,Somerville Lake,2018,Not Supporting,5,,TOXIC ORGANICS,PENTACHLOROBENZENE,AGRICULTURE,N,5342,Eastern end of reservoir near dam,3559.4,Acres
511383,06,TX,State,TCEQMAIN,Texas,RESERVOIR,TX-1212_01,Somerville Lake,2018,Not Supporting,5,,METALS (OTHER THAN MERCURY),ARSENIC IN SEDIMENT,AGRICULTURE,N,5342,Eastern end of reservoir near dam,3559.4,Acres
511384,06,TX,State,TCEQMAIN,Texas,RESERVOIR,TX-1212_01,Somerville Lake,2018,Not Supporting,5,,METALS (OTHER THAN MERCURY),CADMIUM IN SEDIMENT,AGRICULTURE,N,5342,Eastern end of reservoir near dam,3559.4,Acres
511385,06,TX,State,TCEQMAIN,Texas,RESERVOIR,TX-1212_01,Somerville Lake,2018,Not Supporting,5,,METALS (OTHER THAN MERCURY),CHROMIUM IN SEDIMENT,AGRICULTURE,N,5342,Eastern end of reservoir near dam,3559.4,Acres
511386,06,TX,State,TCEQMAIN,Texas,RESERVOIR,TX-1212_01,Somerville Lake,2018,Not Supporting,5,,METALS (OTHER THAN MERCURY),COPPER IN SEDIMENT,AGRICULTURE,N,5342,Eastern end of reservoir near dam,3559.4,Acres
511387,06,TX,State,TCEQMAIN,Texas,RESERVOIR,TX-1212_01,Somerville Lake,2018,Not Supporting,5,,METALS (OTHER THAN MERCURY),"COPPER, DISSOLVED",AGRICULTURE,N,5342,Eastern end of reservoir near dam,3559.4,Acres
511388,06,TX,State,TCEQMAIN,Texas,RESERVOIR,TX-1212_01,Somerville Lake,2018,Not Supporting,5,,METALS (OTHER THAN MERCURY),NICKEL IN SEDIMENT,AGRICULTURE,N,5342,Eastern end of reservoir near dam,3559.4,Acres
511389,06,TX,State,TCEQMAIN,Texas,RESERVOIR,TX-1212_01,Somerville Lake,2018,Not Supporting,5,,METALS (OTHER THAN MERCURY),"SELENIUM, TOTAL",AGRICULTURE,N,5342,Eastern end of reservoir near dam,3559.4,Acres
511390,06,TX,State,TCEQMAIN,Texas,RESERVOIR,TX-1212_01,Somerville Lake,2018,Not Supporting,5,,METALS (OTHER THAN MERCURY),SILVER IN SEDIMENT,AGRICULTURE,N,5342,Eastern end of reservoir near dam,3559.4,Acres
511391,06,TX,State,TCEQMAIN,Texas,RESERVOIR,TX-1212_01,Somerville Lake,2018,Not Supporting,5,,TOXIC ORGANICS,"1,3-DICHLOROBENZENE",AGRICULTURE,N,5342,Eastern end of reservoir near dam,3559.4,Acres
511392,06,TX,State,TCEQMAIN,Texas,RESERVOIR,TX-1212_01,Somerville Lake,2018,Not Supporting,5,,TOXIC ORGANICS,CONTAMINATED SEDIMENTS (FLUORANTHENE),AGRICULTURE,N,5342,Eastern end of reservoir near dam,3559.4,Acres
1438824,06,TX,State,TCEQMAIN,Texas,STREAM,TX-1221A_01,Resley Creek,2018,Not Supporting,5,,ORGANIC ENRICHMENT/OXYGEN DEPLETION,DISSOLVED OXYGEN,AGRICULTURE,N,5342,"Portion of Resley Creek from confluence with Leon River upstream to conf. with unnamed tributary (NHD RC 12070201007823), approx. 1.0 mi N. of Comanche County Line",20.45,Miles
1438825,06,TX,State,TCEQMAIN,Texas,STREAM,TX-1221A_01,Resley Creek,2018,Not Supporting,5,,PATHOGENS,ESCHERICHIA COLI (E. COLI),AGRICULTURE,N,5342,"Portion of Resley Creek from confluence with Leon River upstream to conf. with unnamed tributary (NHD RC 12070201007823), approx. 1.0 mi N. of Comanche County Line",20.45,Miles
1612574,06,TX,State,TCEQMAIN,Texas,STREAM,TX-0409_03,Little Cypress Bayou (Creek),2018,Not Supporting,5,,NUTRIENTS,"NITROGEN, NITRATE",AGRICULTURE,N,5342,From the confluence with NHD RC 11140307000368 upstream 52.2 km (32.6 mi) to the confluence with Kelsey Creek,31.53,Miles
1612575,06,TX,State,TCEQMAIN,Texas,STREAM,TX-0409_03,Little Cypress Bayou (Creek),2018,Not Supporting,5,,ORGANIC ENRICHMENT/OXYGEN DEPLETION,DISSOLVED OXYGEN,AGRICULTURE,N,5342,From the confluence with NHD RC 11140307000368 upstream 52.2 km (32.6 mi) to the confluence with Kelsey Creek,31.53,Miles
1612576,06,TX,State,TCEQMAIN,Texas,STREAM,TX-0409_03,Little Cypress Bayou (Creek),2018,Not Supporting,5,,PATHOGENS,ESCHERICHIA COLI (E. COLI),AGRICULTURE,N,5342,From the confluence with NHD RC 11140307000368 upstream 52.2 km (32.6 mi) to the confluence with Kelsey Creek,31.53,Miles
1612577,06,TX,State,TCEQMAIN,Texas,STREAM,TX-0409_03,Little Cypress Bayou (Creek),2018,Not Supporting,5,,PH/ACIDITY/CAUSTIC CONDITIONS,"PH, HIGH",AGRICULTURE,N,5342,From the confluence with NHD RC 11140307000368 upstream 52.2 km (32.6 mi) to the confluence with Kelsey Creek,31.53,Miles
1612578,06,TX,State,TCEQMAIN,Texas,STREAM,TX-0409_03,Little Cypress Bayou (Creek),2018,Not Supporting,5,,PH/ACIDITY/CAUSTIC CONDITIONS,"PH, LOW",AGRICULTURE,N,5342,From the confluence with NHD RC 11140307000368 upstream 52.2 km (32.6 mi) to the confluence with Kelsey Creek,31.53,Miles
1612579,06,TX,State,TCEQMAIN,Texas,STREAM,TX-0409_03,Little Cypress Bayou (Creek),2018,Not Supporting,5,,SALINITY/TOTAL DISSOLVED SOLIDS/CHLORIDES/SULFATES,SALINITY/TOTAL DISSOLVED SOLIDS/CHLORIDES,AGRICULTURE,N,5342,From the confluence with NHD RC 11140307000368 upstream 52.2 km (32.6 mi) to the confluence with Kelsey Creek,31.53,Miles
1612580,06,TX,State,TCEQMAIN,Texas,STREAM,TX-0409_03,Little Cypress Bayou (Creek),2018,Not Supporting,5,,SALINITY/TOTAL DISSOLVED SOLIDS/CHLORIDES/SULFATES,SULFATE,AGRICULTURE,N,5342,From the confluence with NHD RC 11140307000368 upstream 52.2 km (32.6 mi) to the confluence with Kelsey Creek,31.53,Miles
1612581,06,TX,State,TCEQMAIN,Texas,STREAM,TX-0409_03,Little Cypress Bayou (Creek),2018,Not Supporting,5,,SALINITY/TOTAL DISSOLVED SOLIDS/CHLORIDES/SULFATES,TOTAL DISSOLVED SOLIDS (TDS),AGRICULTURE,N,5342,From the confluence with NHD RC 11140307000368 upstream 52.2 km (32.6 mi) to the confluence with Kelsey Creek,31.53,Miles
1612582,06,TX,State,TCEQMAIN,Texas,STREAM,TX-0409_03,Little Cypress Bayou (Creek),2018,Not Supporting,5,,TEMPERATURE,TEMPERATURE,AGRICULTURE,N,5342,From the confluence with NHD RC 11140307000368 upstream 52.2 km (32.6 mi) to the confluence with Kelsey Creek,31.53,Miles
1612583,06,TX,State,TCEQMAIN,Texas,STREAM,TX-0409_03,Little Cypress Bayou (Creek),2018,Not Supporting,5,,TOXIC INORGANICS,FLUORIDE,AGRICULTURE,N,5342,From the confluence with NHD RC 11140307000368 upstream 52.2 km (32.6 mi) to the confluence with Kelsey Creek,31.53,Miles
1786320,06,TX,State,TCEQMAIN,Texas,"STREAM, TIDAL",TX-1501_01,Tres Palacios Creek Tidal,2018,Not Supporting,5,,ORGANIC ENRICHMENT/OXYGEN DEPLETION,DISSOLVED OXYGEN,AGRICULTURE,N,5342,From the confluence with Willow Dam Creek at Tres Palacios Bay/Turtle Bay upstream to a point 1.6 km (1.0 mi) upstream of the confluence of Wilson Creek in Matagorda County,10.03,Miles
1786321,06,TX,State,TCEQMAIN,Texas,"STREAM, TIDAL",TX-1501_01,Tres Palacios Creek Tidal,2018,Not Supporting,5,,PH/ACIDITY/CAUSTIC CONDITIONS,"PH, HIGH",AGRICULTURE,N,5342,From the confluence with Willow Dam Creek at Tres Palacios Bay/Turtle Bay upstream to a point 1.6 km (1.0 mi) upstream of the confluence of Wilson Creek in Matagorda County,10.03,Miles
1786322,06,TX,State,TCEQMAIN,Texas,"STREAM, TIDAL",TX-1501_01,Tres Palacios Creek Tidal,2018,Not Supporting,5,,PH/ACIDITY/CAUSTIC CONDITIONS,"PH, LOW",AGRICULTURE,N,5342,From the confluence with Willow Dam Creek at Tres Palacios Bay/Turtle Bay upstream to a point 1.6 km (1.0 mi) upstream of the confluence of Wilson Creek in Matagorda County,10.03,Miles
1786323,06,TX,State,TCEQMAIN,Texas,"STREAM, TIDAL",TX-1501_01,Tres Palacios Creek Tidal,2018,Not Supporting,5,,TEMPERATURE,TEMPERATURE,AGRICULTURE,N,5342,From the confluence with Willow Dam Creek at Tres Palacios Bay/Turtle Bay upstream to a point 1.6 km (1.0 mi) upstream of the confluence of Wilson Creek in Matagorda County,10.03,Miles
1786324,06,TX,State,TCEQMAIN,Texas,"STREAM, TIDAL",TX-1501_01,Tres Palacios Creek Tidal,2018,Not Supporting,5,,PATHOGENS,ENTEROCOCCUS,AGRICULTURE,N,5342,From the confluence with Willow Dam Creek at Tres Palacios Bay/Turtle Bay upstream to a point 1.6 km (1.0 mi) upstream of the confluence of Wilson Creek in Matagorda County,10.03,Miles
1786543,06,TX,State,TCEQMAIN,Texas,STREAM,TX-1202J_01,Big Creek,2018,Not Supporting,5,,CAUSE UNKNOWN - IMPAIRED BIOTA,BENTHIC MACROINVERTEBRATES BIOASSESSMENTS,AGRICULTURE,N,5342,Big Creek from the confluence of the Brazos River upstream to the confluence of an unnamed tributary 2.1 km downstream of FM 2977 south of Rosenberg,27.29,Miles
1786544,06,TX,State,TCEQMAIN,Texas,STREAM,TX-1202J_01,Big Creek,2018,Not Supporting,5,,ORGANIC ENRICHMENT/OXYGEN DEPLETION,DISSOLVED OXYGEN,AGRICULTURE,N,5342,Big Creek from the confluence of the Brazos River upstream to the confluence of an unnamed tributary 2.1 km downstream of FM 2977 south of Rosenberg,27.29,Miles
1786545,06,TX,State,TCEQMAIN,Texas,STREAM,TX-1202J_01,Big Creek,2018,Not Supporting,5,,PATHOGENS,ESCHERICHIA COLI (E. COLI),AGRICULTURE,N,5342,Big Creek from the confluence of the Brazos River upstream to the confluence of an unnamed tributary 2.1 km downstream of FM 2977 south of Rosenberg,27.29,Miles
1786643,06,TX,State,TCEQMAIN,Texas,RESERVOIR,TX-1212_03,Somerville Lake,2018,Not Supporting,5,,MERCURY,MERCURY IN SEDIMENT,AGRICULTURE,N,5342,Middle of reservoir near Birch Creek State Park,5074.63,Acres
1786644,06,TX,State,TCEQMAIN,Texas,RESERVOIR,TX-1212_03,Somerville Lake,2018,Not Supporting,5,,MERCURY,MERCURY IN WATER COLUMN,AGRICULTURE,N,5342,Middle of reservoir near Birch Creek State Park,5074.63,Acres
1786645,06,TX,State,TCEQMAIN,Texas,RESERVOIR,TX-1212_03,Somerville Lake,2018,Not Supporting,5,,METALS (OTHER THAN MERCURY),ARSENIC,AGRICULTURE,N,5342,Middle of reservoir near Birch Creek State Park,5074.63,Acres
1786646,06,TX,State,TCEQMAIN,Texas,RESERVOIR,TX-1212_03,Somerville Lake,2018,Not Supporting,5,,METALS (OTHER THAN MERCURY),CADMIUM,AGRICULTURE,N,5342,Middle of reservoir near Birch Creek State Park,5074.63,Acres
1786647,06,TX,State,TCEQMAIN,Texas,RESERVOIR,TX-1212_03,Somerville Lake,2018,Not Supporting,5,,METALS (OTHER THAN MERCURY),IRON,AGRICULTURE,N,5342,Middle of reservoir near Birch Creek State Park,5074.63,Acres
1786648,06,TX,State,TCEQMAIN,Texas,RESERVOIR,TX-1212_03,Somerville Lake,2018,Not Supporting,5,,METALS (OTHER THAN MERCURY),LEAD,AGRICULTURE,N,5342,Middle of reservoir near Birch Creek State Park,5074.63,Acres
1786649,06,TX,State,TCEQMAIN,Texas,RESERVOIR,TX-1212_03,Somerville Lake,2018,Not Supporting,5,,METALS (OTHER THAN MERCURY),LEAD IN SEDIMENT,AGRICULTURE,N,5342,Middle of reservoir near Birch Creek State Park,5074.63,Acres
1786650,06,TX,State,TCEQMAIN,Texas,RESERVOIR,TX-1212_03,Somerville Lake,2018,Not Supporting,5,,METALS (OTHER THAN MERCURY),MANGANESE,AGRICULTURE,N,5342,Middle of reservoir near Birch Creek State Park,5074.63,Acres
1786651,06,TX,State,TCEQMAIN,Texas,RESERVOIR,TX-1212_03,Somerville Lake,2018,Not Supporting,5,,METALS (OTHER THAN MERCURY),NICKEL,AGRICULTURE,N,5342,Middle of reservoir near Birch Creek State Park,5074.63,Acres
1786652,06,TX,State,TCEQMAIN,Texas,RESERVOIR,TX-1212_03,Somerville Lake,2018,Not Supporting,5,,METALS (OTHER THAN MERCURY),ZINC IN SEDIMENT,AGRICULTURE,N,5342,Middle of reservoir near Birch Creek State Park,5074.63,Acres
1786653,06,TX,State,TCEQMAIN,Texas,RESERVOIR,TX-1212_03,Somerville Lake,2018,Not Supporting,5,,NUTRIENTS,"NITROGEN, NITRATE",AGRICULTURE,N,5342,Middle of reservoir near Birch Creek State Park,5074.63,Acres
1786654,06,TX,State,TCEQMAIN,Texas,RESERVOIR,TX-1212_03,Somerville Lake,2018,Not Supporting,5,,ORGANIC ENRICHMENT/OXYGEN DEPLETION,DISSOLVED OXYGEN,AGRICULTURE,N,5342,Middle of reservoir near Birch Creek State Park,5074.63,Acres
1786655,06,TX,State,TCEQMAIN,Texas,RESERVOIR,TX-1212_03,Somerville Lake,2018,Not Supporting,5,,PATHOGENS,ESCHERICHIA COLI (E. COLI),AGRICULTURE,N,5342,Middle of reservoir near Birch Creek State Park,5074.63,Acres
1786656,06,TX,State,TCEQMAIN,Texas,RESERVOIR,TX-1212_03,Somerville Lake,2018,Not Supporting,5,,PESTICIDES,DIMETHYL PHTHALATE,AGRICULTURE,N,5342,Middle of reservoir near Birch Creek State Park,5074.63,Acres
1786657,06,TX,State,TCEQMAIN,Texas,RESERVOIR,TX-1212_03,Somerville Lake,2018,Not Supporting,5,,PESTICIDES,NAPHTHALENE,AGRICULTURE,N,5342,Middle of reservoir near Birch Creek State Park,5074.63,Acres
1786658,06,TX,State,TCEQMAIN,Texas,RESERVOIR,TX-1212_03,Somerville Lake,2018,Not Supporting,5,,PH/ACIDITY/CAUSTIC CONDITIONS,"PH, HIGH",AGRICULTURE,N,5342,Middle of reservoir near Birch Creek State Park,5074.63,Acres
1786659,06,TX,State,TCEQMAIN,Texas,RESERVOIR,TX-1212_03,Somerville Lake,2018,Not Supporting,5,,PH/ACIDITY/CAUSTIC CONDITIONS,"PH, LOW",AGRICULTURE,N,5342,Middle of reservoir near Birch Creek State Park,5074.63,Acres
1786660,06,TX,State,TCEQMAIN,Texas,RESERVOIR,TX-1212_03,Somerville Lake,2018,Not Supporting,5,,SALINITY/TOTAL DISSOLVED SOLIDS/CHLORIDES/SULFATES,SALINITY/TOTAL DISSOLVED SOLIDS/CHLORIDES,AGRICULTURE,N,5342,Middle of reservoir near Birch Creek State Park,5074.63,Acres
1786661,06,TX,State,TCEQMAIN,Texas,RESERVOIR,TX-1212_03,Somerville Lake,2018,Not Supporting,5,,SALINITY/TOTAL DISSOLVED SOLIDS/CHLORIDES/SULFATES,SULFATE,AGRICULTURE,N,5342,Middle of reservoir near Birch Creek State Park,5074.63,Acres
1786662,06,TX,State,TCEQMAIN,Texas,RESERVOIR,TX-1212_03,Somerville Lake,2018,Not Supporting,5,,SALINITY/TOTAL DISSOLVED SOLIDS/CHLORIDES/SULFATES,TOTAL DISSOLVED SOLIDS (TDS),AGRICULTURE,N,5342,Middle of reservoir near Birch Creek State Park,5074.63,Acres
1786663,06,TX,State,TCEQMAIN,Texas,RESERVOIR,TX-1212_03,Somerville Lake,2018,Not Supporting,5,,TEMPERATURE,TEMPERATURE,AGRICULTURE,N,5342,Middle of reservoir near Birch Creek State Park,5074.63,Acres
1786664,06,TX,State,TCEQMAIN,Texas,RESERVOIR,TX-1212_03,Somerville Lake,2018,Not Supporting,5,,TOXIC INORGANICS,FLUORIDE,AGRICULTURE,N,5342,Middle of reservoir near Birch Creek State Park,5074.63,Acres
1786665,06,TX,State,TCEQMAIN,Texas,RESERVOIR,TX-1212_03,Somerville Lake,2018,Not Supporting,5,,TOXIC ORGANICS,"1,2,4,5-TETRACHLOROBENZENE",AGRICULTURE,N,5342,Middle of reservoir near Birch Creek State Park,5074.63,Acres
1786666,06,TX,State,TCEQMAIN,Texas,RESERVOIR,TX-1212_03,Somerville Lake,2018,Not Supporting,5,,TOXIC ORGANICS,"1,2,4-TRICHLOROBENZENE",AGRICULTURE,N,5342,Middle of reservoir near Birch Creek State Park,5074.63,Acres
1786667,06,TX,State,TCEQMAIN,Texas,RESERVOIR,TX-1212_03,Somerville Lake,2018,Not Supporting,5,,TOXIC ORGANICS,"2,4-DINITROTOLUENE",AGRICULTURE,N,5342,Middle of reservoir near Birch Creek State Park,5074.63,Acres
1786668,06,TX,State,TCEQMAIN,Texas,RESERVOIR,TX-1212_03,Somerville Lake,2018,Not Supporting,5,,TOXIC ORGANICS,ACENAPHTHENE,AGRICULTURE,N,5342,Middle of reservoir near Birch Creek State Park,5074.63,Acres
1786669,06,TX,State,TCEQMAIN,Texas,RESERVOIR,TX-1212_03,Somerville Lake,2018,Not Supporting,5,,TOXIC ORGANICS,ACENAPHTHYLENE,AGRICULTURE,N,5342,Middle of reservoir near Birch Creek State Park,5074.63,Acres
1786670,06,TX,State,TCEQMAIN,Texas,RESERVOIR,TX-1212_03,Somerville Lake,2018,Not Supporting,5,,TOXIC ORGANICS,ANTHRACENE,AGRICULTURE,N,5342,Middle of reservoir near Birch Creek State Park,5074.63,Acres
1786671,06,TX,State,TCEQMAIN,Texas,RESERVOIR,TX-1212_03,Somerville Lake,2018,Not Supporting,5,,TOXIC ORGANICS,BIS(2 ETHYLHEXYL)PHTHALATE,AGRICULTURE,N,5342,Middle of reservoir near Birch Creek State Park,5074.63,Acres
1786672,06,TX,State,TCEQMAIN,Texas,RESERVOIR,TX-1212_03,Somerville Lake,2018,Not Supporting,5,,TOXIC ORGANICS,CONTAMINATED SEDIMENTS (BENZO[A]ANTHRACENE),AGRICULTURE,N,5342,Middle of reservoir near Birch Creek State Park,5074.63,Acres
1786673,06,TX,State,TCEQMAIN,Texas,RESERVOIR,TX-1212_03,Somerville Lake,2018,Not Supporting,5,,TOXIC ORGANICS,CONTAMINATED SEDIMENTS (BENZO[A]PYRENE),AGRICULTURE,N,5342,Middle of reservoir near Birch Creek State Park,5074.63,Acres
1786674,06,TX,State,TCEQMAIN,Texas,RESERVOIR,TX-1212_03,Somerville Lake,2018,Not Supporting,5,,TOXIC ORGANICS,CONTAMINATED SEDIMENTS (CHRYSENE),AGRICULTURE,N,5342,Middle of reservoir near Birch Creek State Park,5074.63,Acres
1786675,06,TX,State,TCEQMAIN,Texas,RESERVOIR,TX-1212_03,Somerville Lake,2018,Not Supporting,5,,TOXIC ORGANICS,CONTAMINATED SEDIMENTS (PHENANTHRENE),AGRICULTURE,N,5342,Middle of reservoir near Birch Creek State Park,5074.63,Acres
1786676,06,TX,State,TCEQMAIN,Texas,RESERVOIR,TX-1212_03,Somerville Lake,2018,Not Supporting,5,,TOXIC ORGANICS,CONTAMINATED SEDIMENTS (PYRENE),AGRICULTURE,N,5342,Middle of reservoir near Birch Creek State Park,5074.63,Acres
1786677,06,TX,State,TCEQMAIN,Texas,RESERVOIR,TX-1212_03,Somerville Lake,2018,Not Supporting,5,,TOXIC ORGANICS,"DIBENZ[A,H]ANTHRACENE",AGRICULTURE,N,5342,Middle of reservoir near Birch Creek State Park,5074.63,Acres
1786678,06,TX,State,TCEQMAIN,Texas,RESERVOIR,TX-1212_03,Somerville Lake,2018,Not Supporting,5,,TOXIC ORGANICS,FLUORENE,AGRICULTURE,N,5342,Middle of reservoir near Birch Creek State Park,5074.63,Acres
1786679,06,TX,State,TCEQMAIN,Texas,RESERVOIR,TX-1212_03,Somerville Lake,2018,Not Supporting,5,,TOXIC ORGANICS,HEXACHLOROBUTADIENE,AGRICULTURE,N,5342,Middle of reservoir near Birch Creek State Park,5074.63,Acres
1786680,06,TX,State,TCEQMAIN,Texas,RESERVOIR,TX-1212_03,Somerville Lake,2018,Not Supporting,5,,TOXIC ORGANICS,HEXACHLOROETHANE,AGRICULTURE,N,5342,Middle of reservoir near Birch Creek State Park,5074.63,Acres
1786681,06,TX,State,TCEQMAIN,Texas,RESERVOIR,TX-1212_03,Somerville Lake,2018,Not Supporting,5,,TOXIC ORGANICS,PENTACHLOROPHENOL (PCP),AGRICULTURE,N,5342,Middle of reservoir near Birch Creek State Park,5074.63,Acres
1786682,06,TX,State,TCEQMAIN,Texas,RESERVOIR,TX-1212_03,Somerville Lake,2018,Not Supporting,5,,TOXIC ORGANICS,PHENOL,AGRICULTURE,N,5342,Middle of reservoir near Birch Creek State Park,5074.63,Acres
1786683,06,TX,State,TCEQMAIN,Texas,RESERVOIR,TX-1212_03,Somerville Lake,2018,Not Supporting,5,,TOXIC ORGANICS,"1,2-DICHLOROBENZENE",AGRICULTURE,N,5342,Middle of reservoir near Birch Creek State Park,5074.63,Acres
1786684,06,TX,State,TCEQMAIN,Texas,RESERVOIR,TX-1212_03,Somerville Lake,2018,Not Supporting,5,,TOXIC ORGANICS,"1,4-DICHLOROBENZENE",AGRICULTURE,N,5342,Middle of reservoir near Birch Creek State Park,5074.63,Acres
1786685,06,TX,State,TCEQMAIN,Texas,RESERVOIR,TX-1212_03,Somerville Lake,2018,Not Supporting,5,,TOXIC ORGANICS,4-CHLORO-3-METHYLPHENOL (3-METHYL-4-CHLOROPHENOL),AGRICULTURE,N,5342,Middle of reservoir near Birch Creek State Park,5074.63,Acres
1786686,06,TX,State,TCEQMAIN,Texas,RESERVOIR,TX-1212_03,Somerville Lake,2018,Not Supporting,5,,TOXIC ORGANICS,DIETHYL PHTHALATE,AGRICULTURE,N,5342,Middle of reservoir near Birch Creek State Park,5074.63,Acres
1786687,06,TX,State,TCEQMAIN,Texas,RESERVOIR,TX-1212_03,Somerville Lake,2018,Not Supporting,5,,TOXIC ORGANICS,DI-N-BUTYL PHTHALATE,AGRICULTURE,N,5342,Middle of reservoir near Birch Creek State Park,5074.63,Acres
1786688,06,TX,State,TCEQMAIN,Texas,RESERVOIR,TX-1212_03,Somerville Lake,2018,Not Supporting,5,,TOXIC ORGANICS,DI-N-OCTYL PHTHALATE,AGRICULTURE,N,5342,Middle of reservoir near Birch Creek State Park,5074.63,Acres
1786689,06,TX,State,TCEQMAIN,Texas,RESERVOIR,TX-1212_03,Somerville Lake,2018,Not Supporting,5,,TOXIC ORGANICS,N-BUTYLBENZYLPHTHALATE,AGRICULTURE,N,5342,Middle of reservoir near Birch Creek State Park,5074.63,Acres
1786690,06,TX,State,TCEQMAIN,Texas,RESERVOIR,TX-1212_03,Somerville Lake,2018,Not Supporting,5,,TOXIC ORGANICS,NITROBENZENE,AGRICULTURE,N,5342,Middle of reservoir near Birch Creek State Park,5074.63,Acres
1786691,06,TX,State,TCEQMAIN,Texas,RESERVOIR,TX-1212_03,Somerville Lake,2018,Not Supporting,5,,TOXIC ORGANICS,PENTACHLOROBENZENE,AGRICULTURE,N,5342,Middle of reservoir near Birch Creek State Park,5074.63,Acres
1786692,06,TX,State,TCEQMAIN,Texas,RESERVOIR,TX-1212_03,Somerville Lake,2018,Not Supporting,5,,METALS (OTHER THAN MERCURY),ARSENIC IN SEDIMENT,AGRICULTURE,N,5342,Middle of reservoir near Birch Creek State Park,5074.63,Acres
1786693,06,TX,State,TCEQMAIN,Texas,RESERVOIR,TX-1212_03,Somerville Lake,2018,Not Supporting,5,,METALS (OTHER THAN MERCURY),CADMIUM IN SEDIMENT,AGRICULTURE,N,5342,Middle of reservoir near Birch Creek State Park,5074.63,Acres
1786694,06,TX,State,TCEQMAIN,Texas,RESERVOIR,TX-1212_03,Somerville Lake,2018,Not Supporting,5,,METALS (OTHER THAN MERCURY),CHROMIUM IN SEDIMENT,AGRICULTURE,N,5342,Middle of reservoir near Birch Creek State Park,5074.63,Acres
1786695,06,TX,State,TCEQMAIN,Texas,RESERVOIR,TX-1212_03,Somerville Lake,2018,Not Supporting,5,,METALS (OTHER THAN MERCURY),COPPER IN SEDIMENT,AGRICULTURE,N,5342,Middle of reservoir near Birch Creek State Park,5074.63,Acres
1786696,06,TX,State,TCEQMAIN,Texas,RESERVOIR,TX-1212_03,Somerville Lake,2018,Not Supporting,5,,METALS (OTHER THAN MERCURY),NICKEL IN SEDIMENT,AGRICULTURE,N,5342,Middle of reservoir near Birch Creek State Park,5074.63,Acres
1786697,06,TX,State,TCEQMAIN,Texas,RESERVOIR,TX-1212_03,Somerville Lake,2018,Not Supporting,5,,METALS (OTHER THAN MERCURY),"SELENIUM, TOTAL",AGRICULTURE,N,5342,Middle of reservoir near Birch Creek State Park,5074.63,Acres
1786698,06,TX,State,TCEQMAIN,Texas,RESERVOIR,TX-1212_03,Somerville Lake,2018,Not Supporting,5,,METALS (OTHER THAN MERCURY),SILVER IN SEDIMENT,AGRICULTURE,N,5342,Middle of reservoir near Birch Creek State Park,5074.63,Acres
1786699,06,TX,State,TCEQMAIN,Texas,RESERVOIR,TX-1212_03,Somerville Lake,2018,Not Supporting,5,,TOXIC ORGANICS,"1,3-DICHLOROBENZENE",AGRICULTURE,N,5342,Middle of reservoir near Birch Creek State Park,5074.63,Acres
1786700,06,TX,State,TCEQMAIN,Texas,RESERVOIR,TX-1212_03,Somerville Lake,2018,Not Supporting,5,,TOXIC ORGANICS,CONTAMINATED SEDIMENTS (FLUORANTHENE),AGRICULTURE,N,5342,Middle of reservoir near Birch Creek State Park,5074.63,Acres
1955492,06,TX,State,TCEQMAIN,Texas,STREAM,TX-1259_03,Leon River Above Belton Lake,2018,Not Supporting,5,,NUTRIENTS,"NITROGEN, NITRATE",AGRICULTURE,N,5342,From the confluence with Stillhouse Creek upstream to a point immediately upstream of the confluence with Plum Creek,14.72,Miles
1955493,06,TX,State,TCEQMAIN,Texas,STREAM,TX-1259_03,Leon River Above Belton Lake,2018,Not Supporting,5,,ORGANIC ENRICHMENT/OXYGEN DEPLETION,DISSOLVED OXYGEN,AGRICULTURE,N,5342,From the confluence with Stillhouse Creek upstream to a point immediately upstream of the confluence with Plum Creek,14.72,Miles
1955494,06,TX,State,TCEQMAIN,Texas,STREAM,TX-1259_03,Leon River Above Belton Lake,2018,Not Supporting,5,,PATHOGENS,ESCHERICHIA COLI (E. COLI),AGRICULTURE,N,5342,From the confluence with Stillhouse Creek upstream to a point immediately upstream of the confluence with Plum Creek,14.72,Miles
1955495,06,TX,State,TCEQMAIN,Texas,STREAM,TX-1259_03,Leon River Above Belton Lake,2018,Not Supporting,5,,PH/ACIDITY/CAUSTIC CONDITIONS,"PH, HIGH",AGRICULTURE,N,5342,From the confluence with Stillhouse Creek upstream to a point immediately upstream of the confluence with Plum Creek,14.72,Miles
1955496,06,TX,State,TCEQMAIN,Texas,STREAM,TX-1259_03,Leon River Above Belton Lake,2018,Not Supporting,5,,PH/ACIDITY/CAUSTIC CONDITIONS,"PH, LOW",AGRICULTURE,N,5342,From the confluence with Stillhouse Creek upstream to a point immediately upstream of the confluence with Plum Creek,14.72,Miles
1955497,06,TX,State,TCEQMAIN,Texas,STREAM,TX-1259_03,Leon River Above Belton Lake,2018,Not Supporting,5,,SALINITY/TOTAL DISSOLVED SOLIDS/CHLORIDES/SULFATES,SALINITY/TOTAL DISSOLVED SOLIDS/CHLORIDES,AGRICULTURE,N,5342,From the confluence with Stillhouse Creek upstream to a point immediately upstream of the confluence with Plum Creek,14.72,Miles
1955498,06,TX,State,TCEQMAIN,Texas,STREAM,TX-1259_03,Leon River Above Belton Lake,2018,Not Supporting,5,,SALINITY/TOTAL DISSOLVED SOLIDS/CHLORIDES/SULFATES,SULFATE,AGRICULTURE,N,5342,From the confluence with Stillhouse Creek upstream to a point immediately upstream of the confluence with Plum Creek,14.72,Miles
1955499,06,TX,State,TCEQMAIN,Texas,STREAM,TX-1259_03,Leon River Above Belton Lake,2018,Not Supporting,5,,SALINITY/TOTAL DISSOLVED SOLIDS/CHLORIDES/SULFATES,TOTAL DISSOLVED SOLIDS (TDS),AGRICULTURE,N,5342,From the confluence with Stillhouse Creek upstream to a point immediately upstream of the confluence with Plum Creek,14.72,Miles
1955500,06,TX,State,TCEQMAIN,Texas,STREAM,TX-1259_03,Leon River Above Belton Lake,2018,Not Supporting,5,,TEMPERATURE,TEMPERATURE,AGRICULTURE,N,5342,From the confluence with Stillhouse Creek upstream to a point immediately upstream of the confluence with Plum Creek,14.72,Miles
1955501,06,TX,State,TCEQMAIN,Texas,STREAM,TX-1259_03,Leon River Above Belton Lake,2018,Not Supporting,5,,TOXIC INORGANICS,FLUORIDE,AGRICULTURE,N,5342,From the confluence with Stillhouse Creek upstream to a point immediately upstream of the confluence with Plum Creek,14.72,Miles
2124976,06,TX,State,TCEQMAIN,Texas,STREAM,TX-1213_04,Little River,2018,Not Supporting,5,,NUTRIENTS,"NITROGEN, NITRATE",AGRICULTURE,N,5342,From confluence with Boggy Creek upstream to its confluence with Leon and Lampasas Rivers,8.76,Miles
2124977,06,TX,State,TCEQMAIN,Texas,STREAM,TX-1213_04,Little River,2018,Not Supporting,5,,PATHOGENS,ESCHERICHIA COLI (E. COLI),AGRICULTURE,N,5342,From confluence with Boggy Creek upstream to its confluence with Leon and Lampasas Rivers,8.76,Miles
2124978,06,TX,State,TCEQMAIN,Texas,STREAM,TX-1213_04,Little River,2018,Not Supporting,5,,SALINITY/TOTAL DISSOLVED SOLIDS/CHLORIDES/SULFATES,SALINITY/TOTAL DISSOLVED SOLIDS/CHLORIDES,AGRICULTURE,N,5342,From confluence with Boggy Creek upstream to its confluence with Leon and Lampasas Rivers,8.76,Miles
2124979,06,TX,State,TCEQMAIN,Texas,STREAM,TX-1213_04,Little River,2018,Not Supporting,5,,SALINITY/TOTAL DISSOLVED SOLIDS/CHLORIDES/SULFATES,SULFATE,AGRICULTURE,N,5342,From confluence with Boggy Creek upstream to its confluence with Leon and Lampasas Rivers,8.76,Miles
2124980,06,TX,State,TCEQMAIN,Texas,STREAM,TX-1213_04,Little River,2018,Not Supporting,5,,SALINITY/TOTAL DISSOLVED SOLIDS/CHLORIDES/SULFATES,TOTAL DISSOLVED SOLIDS (TDS),AGRICULTURE,N,5342,From confluence with Boggy Creek upstream to its confluence with Leon and Lampasas Rivers,8.76,Miles
2124981,06,TX,State,TCEQMAIN,Texas,STREAM,TX-1213_04,Little River,2018,Not Supporting,5,,TOXIC ORGANICS,BIS(2 ETHYLHEXYL)PHTHALATE,AGRICULTURE,N,5342,From confluence with Boggy Creek upstream to its confluence with Leon and Lampasas Rivers,8.76,Miles
2461535,06,TX,State,TCEQMAIN,Texas,STREAM,TX-1255A_01,Goose Branch,2018,Not Supporting,5,,PATHOGENS,ESCHERICHIA COLI (E. COLI),AGRICULTURE,N,5342,"From the confluence with the south fork of the North Bosque River 2.5 mi (4.0 km) west of Stephenville, upstream to the headwaters 0.5 mi (0.8 km) north of FM 8 in Erath County",6.81,Miles
2461663,06,TX,State,TCEQMAIN,Texas,STREAM,TX-1221A_02,Resley Creek,2018,Not Supporting,5,,NUTRIENTS,"NITROGEN, NITRATE",AGRICULTURE,N,5342,"Portion of Resley Creek from confluence with unnamed tributary (NHD RC 12070201007823), upstream to headwaters in Erath County.",13.24,Miles
2461664,06,TX,State,TCEQMAIN,Texas,STREAM,TX-1221A_02,Resley Creek,2018,Not Supporting,5,,ORGANIC ENRICHMENT/OXYGEN DEPLETION,DISSOLVED OXYGEN,AGRICULTURE,N,5342,"Portion of Resley Creek from confluence with unnamed tributary (NHD RC 12070201007823), upstream to headwaters in Erath County.",13.24,Miles
2461665,06,TX,State,TCEQMAIN,Texas,STREAM,TX-1221A_02,Resley Creek,2018,Not Supporting,5,,PATHOGENS,ESCHERICHIA COLI (E. COLI),AGRICULTURE,N,5342,"Portion of Resley Creek from confluence with unnamed tributary (NHD RC 12070201007823), upstream to headwaters in Erath County.",13.24,Miles
2461666,06,TX,State,TCEQMAIN,Texas,STREAM,TX-0603A_01,Sandy Creek,2018,Not Supporting,5,,METALS (OTHER THAN MERCURY),ARSENIC,AGRICULTURE,N,5342,"From the confluence with B.A. Steinhagen Lake upstream to 0.5 km below FM 776 east of the City of Jasper,  App. D",17.02,Miles
2461667,06,TX,State,TCEQMAIN,Texas,STREAM,TX-0603A_01,Sandy Creek,2018,Not Supporting,5,,METALS (OTHER THAN MERCURY),CADMIUM,AGRICULTURE,N,5342,"From the confluence with B.A. Steinhagen Lake upstream to 0.5 km below FM 776 east of the City of Jasper,  App. D",17.02,Miles
2461668,06,TX,State,TCEQMAIN,Texas,STREAM,TX-0603A_01,Sandy Creek,2018,Not Supporting,5,,METALS (OTHER THAN MERCURY),"CHROMIUM, TRIVALENT",AGRICULTURE,N,5342,"From the confluence with B.A. Steinhagen Lake upstream to 0.5 km below FM 776 east of the City of Jasper,  App. D",17.02,Miles
2461669,06,TX,State,TCEQMAIN,Texas,STREAM,TX-0603A_01,Sandy Creek,2018,Not Supporting,5,,METALS (OTHER THAN MERCURY),LEAD,AGRICULTURE,N,5342,"From the confluence with B.A. Steinhagen Lake upstream to 0.5 km below FM 776 east of the City of Jasper,  App. D",17.02,Miles
2461670,06,TX,State,TCEQMAIN,Texas,STREAM,TX-0603A_01,Sandy Creek,2018,Not Supporting,5,,METALS (OTHER THAN MERCURY),NICKEL,AGRICULTURE,N,5342,"From the confluence with B.A. Steinhagen Lake upstream to 0.5 km below FM 776 east of the City of Jasper,  App. D",17.02,Miles
2461671,06,TX,State,TCEQMAIN,Texas,STREAM,TX-0603A_01,Sandy Creek,2018,Not Supporting,5,,METALS (OTHER THAN MERCURY),"ZINC, DISSOLVED",AGRICULTURE,N,5342,"From the confluence with B.A. Steinhagen Lake upstream to 0.5 km below FM 776 east of the City of Jasper,  App. D",17.02,Miles
2461672,06,TX,State,TCEQMAIN,Texas,STREAM,TX-0603A_01,Sandy Creek,2018,Not Supporting,5,,ORGANIC ENRICHMENT/OXYGEN DEPLETION,DISSOLVED OXYGEN,AGRICULTURE,N,5342,"From the confluence with B.A. Steinhagen Lake upstream to 0.5 km below FM 776 east of the City of Jasper,  App. D",17.02,Miles
2461673,06,TX,State,TCEQMAIN,Texas,STREAM,TX-0603A_01,Sandy Creek,2018,Not Supporting,5,,PATHOGENS,ESCHERICHIA COLI (E. COLI),AGRICULTURE,N,5342,"From the confluence with B.A. Steinhagen Lake upstream to 0.5 km below FM 776 east of the City of Jasper,  App. D",17.02,Miles
2461674,06,TX,State,TCEQMAIN,Texas,STREAM,TX-0603A_01,Sandy Creek,2018,Not Supporting,5,,METALS (OTHER THAN MERCURY),"ALUMINUM, DISSOLVED",AGRICULTURE,N,5342,"From the confluence with B.A. Steinhagen Lake upstream to 0.5 km below FM 776 east of the City of Jasper,  App. D",17.02,Miles
2461675,06,TX,State,TCEQMAIN,Texas,STREAM,TX-0603A_01,Sandy Creek,2018,Not Supporting,5,,METALS (OTHER THAN MERCURY),"COPPER, DISSOLVED",AGRICULTURE,N,5342,"From the confluence with B.A. Steinhagen Lake upstream to 0.5 km below FM 776 east of the City of Jasper,  App. D",17.02,Miles
2461676,06,TX,State,TCEQMAIN,Texas,STREAM,TX-0603A_01,Sandy Creek,2018,Not Supporting,5,,METALS (OTHER THAN MERCURY),"SELENIUM, TOTAL",AGRICULTURE,N,5342,"From the confluence with B.A. Steinhagen Lake upstream to 0.5 km below FM 776 east of the City of Jasper,  App. D",17.02,Miles
2461876,06,TX,State,TCEQMAIN,Texas,STREAM,TX-1428C_03,Gilleland Creek,2018,Not Supporting,4A,,ORGANIC ENRICHMENT/OXYGEN DEPLETION,DISSOLVED OXYGEN,AGRICULTURE,N,5342,From Old Highway 20 to Cameron Road,6.77,Miles
2461877,06,TX,State,TCEQMAIN,Texas,STREAM,TX-1428C_03,Gilleland Creek,2018,Not Supporting,4A,,PATHOGENS,ESCHERICHIA COLI (E. COLI),AGRICULTURE,N,5342,From Old Highway 20 to Cameron Road,6.77,Miles
2461878,06,TX,State,TCEQMAIN,Texas,STREAM,TX-1428C_04,Gilleland Creek,2018,Not Supporting,4A,,ORGANIC ENRICHMENT/OXYGEN DEPLETION,DISSOLVED OXYGEN,AGRICULTURE,N,5342,From Cameron Road to the spring source,11.73,Miles
2461879,06,TX,State,TCEQMAIN,Texas,STREAM,TX-1428C_04,Gilleland Creek,2018,Not Supporting,4A,,PATHOGENS,ESCHERICHIA COLI (E. COLI),AGRICULTURE,N,5342,From Cameron Road to the spring source,11.73,Miles
2462264,06,TX,State,TCEQMAIN,Texas,STREAM,TX-1232_04,Clear Fork Brazos River,2018,Not Supporting,5,,NUTRIENTS,"NITROGEN, NITRATE",AGRICULTURE,N,5342,From confluence with Bitter Creek upstream to end of segment,87.54,Miles
2462265,06,TX,State,TCEQMAIN,Texas,STREAM,TX-1232_04,Clear Fork Brazos River,2018,Not Supporting,5,,ORGANIC ENRICHMENT/OXYGEN DEPLETION,DISSOLVED OXYGEN,AGRICULTURE,N,5342,From confluence with Bitter Creek upstream to end of segment,87.54,Miles
2462266,06,TX,State,TCEQMAIN,Texas,STREAM,TX-1232_04,Clear Fork Brazos River,2018,Not Supporting,5,,PATHOGENS,ESCHERICHIA COLI (E. COLI),AGRICULTURE,N,5342,From confluence with Bitter Creek upstream to end of segment,87.54,Miles
2462267,06,TX,State,TCEQMAIN,Texas,STREAM,TX-1232_04,Clear Fork Brazos River,2018,Not Supporting,5,,PH/ACIDITY/CAUSTIC CONDITIONS,"PH, HIGH",AGRICULTURE,N,5342,From confluence with Bitter Creek upstream to end of segment,87.54,Miles
2462268,06,TX,State,TCEQMAIN,Texas,STREAM,TX-1232_04,Clear Fork Brazos River,2018,Not Supporting,5,,PH/ACIDITY/CAUSTIC CONDITIONS,"PH, LOW",AGRICULTURE,N,5342,From confluence with Bitter Creek upstream to end of segment,87.54,Miles
2462269,06,TX,State,TCEQMAIN,Texas,STREAM,TX-1232_04,Clear Fork Brazos River,2018,Not Supporting,5,,SALINITY/TOTAL DISSOLVED SOLIDS/CHLORIDES/SULFATES,SALINITY/TOTAL DISSOLVED SOLIDS/CHLORIDES,AGRICULTURE,N,5342,From confluence with Bitter Creek upstream to end of segment,87.54,Miles
2462270,06,TX,State,TCEQMAIN,Texas,STREAM,TX-1232_04,Clear Fork Brazos River,2018,Not Supporting,5,,SALINITY/TOTAL DISSOLVED SOLIDS/CHLORIDES/SULFATES,SULFATE,AGRICULTURE,N,5342,From confluence with Bitter Creek upstream to end of segment,87.54,Miles
2462271,06,TX,State,TCEQMAIN,Texas,STREAM,TX-1232_04,Clear Fork Brazos River,2018,Not Supporting,5,,SALINITY/TOTAL DISSOLVED SOLIDS/CHLORIDES/SULFATES,TOTAL DISSOLVED SOLIDS (TDS),AGRICULTURE,N,5342,From confluence with Bitter Creek upstream to end of segment,87.54,Miles
2462272,06,TX,State,TCEQMAIN,Texas,STREAM,TX-1232_04,Clear Fork Brazos River,2018,Not Supporting,5,,TEMPERATURE,TEMPERATURE,AGRICULTURE,N,5342,From confluence with Bitter Creek upstream to end of segment,87.54,Miles
2462273,06,TX,State,TCEQMAIN,Texas,STREAM,TX-1232_04,Clear Fork Brazos River,2018,Not Supporting,5,,TOXIC INORGANICS,FLUORIDE,AGRICULTURE,N,5342,From confluence with Bitter Creek upstream to end of segment,87.54,Miles
2637427,06,TX,State,TCEQMAIN,Texas,STREAM,TX-0603B_01,Wolf Creek,2018,Not Supporting,5,,ORGANIC ENRICHMENT/OXYGEN DEPLETION,DISSOLVED OXYGEN,AGRICULTURE,N,5342,From the confluence of B.A. Steinhagen Lake upstream to Lake Amanda Dam.,17.29,Miles
2637428,06,TX,State,TCEQMAIN,Texas,STREAM,TX-0603B_01,Wolf Creek,2018,Not Supporting,5,,PATHOGENS,ESCHERICHIA COLI (E. COLI),AGRICULTURE,N,5342,From the confluence of B.A. Steinhagen Lake upstream to Lake Amanda Dam.,17.29,Miles
2637879,06,TX,State,TCEQMAIN,Texas,STREAM,TX-1245_03,Upper Oyster Creek,2018,Not Supporting,4A,,NUTRIENTS,"NITROGEN, NITRATE",AGRICULTURE,N,5342,From Harmon St. crossing in Sugar Land upstream to the end of the segment,36.52,Miles
2637880,06,TX,State,TCEQMAIN,Texas,STREAM,TX-1245_03,Upper Oyster Creek,2018,Not Supporting,4A,,ORGANIC ENRICHMENT/OXYGEN DEPLETION,DISSOLVED OXYGEN,AGRICULTURE,N,5342,From Harmon St. crossing in Sugar Land upstream to the end of the segment,36.52,Miles
2637881,06,TX,State,TCEQMAIN,Texas,STREAM,TX-1245_03,Upper Oyster Creek,2018,Not Supporting,4A,,PATHOGENS,ESCHERICHIA COLI (E. COLI),AGRICULTURE,N,5342,From Harmon St. crossing in Sugar Land upstream to the end of the segment,36.52,Miles
2637882,06,TX,State,TCEQMAIN,Texas,STREAM,TX-1245_03,Upper Oyster Creek,2018,Not Supporting,4A,,PH/ACIDITY/CAUSTIC CONDITIONS,"PH, HIGH",AGRICULTURE,N,5342,From Harmon St. crossing in Sugar Land upstream to the end of the segment,36.52,Miles
2637883,06,TX,State,TCEQMAIN,Texas,STREAM,TX-1245_03,Upper Oyster Creek,2018,Not Supporting,4A,,PH/ACIDITY/CAUSTIC CONDITIONS,"PH, LOW",AGRICULTURE,N,5342,From Harmon St. crossing in Sugar Land upstream to the end of the segment,36.52,Miles
2637884,06,TX,State,TCEQMAIN,Texas,STREAM,TX-1245_03,Upper Oyster Creek,2018,Not Supporting,4A,,SALINITY/TOTAL DISSOLVED SOLIDS/CHLORIDES/SULFATES,SALINITY/TOTAL DISSOLVED SOLIDS/CHLORIDES,AGRICULTURE,N,5342,From Harmon St. crossing in Sugar Land upstream to the end of the segment,36.52,Miles
2637885,06,TX,State,TCEQMAIN,Texas,STREAM,TX-1245_03,Upper Oyster Creek,2018,Not Supporting,4A,,SALINITY/TOTAL DISSOLVED SOLIDS/CHLORIDES/SULFATES,SULFATE,AGRICULTURE,N,5342,From Harmon St. crossing in Sugar Land upstream to the end of the segment,36.52,Miles
2637886,06,TX,State,TCEQMAIN,Texas,STREAM,TX-1245_03,Upper Oyster Creek,2018,Not Supporting,4A,,SALINITY/TOTAL DISSOLVED SOLIDS/CHLORIDES/SULFATES,TOTAL DISSOLVED SOLIDS (TDS),AGRICULTURE,N,5342,From Harmon St. crossing in Sugar Land upstream to the end of the segment,36.52,Miles
2637887,06,TX,State,TCEQMAIN,Texas,STREAM,TX-1245_03,Upper Oyster Creek,2018,Not Supporting,4A,,TEMPERATURE,TEMPERATURE,AGRICULTURE,N,5342,From Harmon St. crossing in Sugar Land upstream to the end of the segment,36.52,Miles
2637888,06,TX,State,TCEQMAIN,Texas,STREAM,TX-1245_03,Upper Oyster Creek,2018,Not Supporting,4A,,TOXIC INORGANICS,FLUORIDE,AGRICULTURE,N,5342,From Harmon St. crossing in Sugar Land upstream to the end of the segment,36.52,Miles
2637999,06,TX,State,TCEQMAIN,Texas,STREAM,TX-1245_02,Upper Oyster Creek,2018,Not Supporting,4A,,NUTRIENTS,"NITROGEN, NITRATE",AGRICULTURE,N,5342,From Dam #3 upstream to Harmon St. crossing in Sugar Land,5.16,Miles
2638000,06,TX,State,TCEQMAIN,Texas,STREAM,TX-1245_02,Upper Oyster Creek,2018,Not Supporting,4A,,ORGANIC ENRICHMENT/OXYGEN DEPLETION,DISSOLVED OXYGEN,AGRICULTURE,N,5342,From Dam #3 upstream to Harmon St. crossing in Sugar Land,5.16,Miles
2638001,06,TX,State,TCEQMAIN,Texas,STREAM,TX-1245_02,Upper Oyster Creek,2018,Not Supporting,4A,,PATHOGENS,ESCHERICHIA COLI (E. COLI),AGRICULTURE,N,5342,From Dam #3 upstream to Harmon St. crossing in Sugar Land,5.16,Miles
2638002,06,TX,State,TCEQMAIN,Texas,STREAM,TX-1245_02,Upper Oyster Creek,2018,Not Supporting,4A,,PH/ACIDITY/CAUSTIC CONDITIONS,"PH, HIGH",AGRICULTURE,N,5342,From Dam #3 upstream to Harmon St. crossing in Sugar Land,5.16,Miles
2638003,06,TX,State,TCEQMAIN,Texas,STREAM,TX-1245_02,Upper Oyster Creek,2018,Not Supporting,4A,,PH/ACIDITY/CAUSTIC CONDITIONS,"PH, LOW",AGRICULTURE,N,5342,From Dam #3 upstream to Harmon St. crossing in Sugar Land,5.16,Miles
2638004,06,TX,State,TCEQMAIN,Texas,STREAM,TX-1245_02,Upper Oyster Creek,2018,Not Supporting,4A,,SALINITY/TOTAL DISSOLVED SOLIDS/CHLORIDES/SULFATES,SALINITY/TOTAL DISSOLVED SOLIDS/CHLORIDES,AGRICULTURE,N,5342,From Dam #3 upstream to Harmon St. crossing in Sugar Land,5.16,Miles
2638005,06,TX,State,TCEQMAIN,Texas,STREAM,TX-1245_02,Upper Oyster Creek,2018,Not Supporting,4A,,SALINITY/TOTAL DISSOLVED SOLIDS/CHLORIDES/SULFATES,SULFATE,AGRICULTURE,N,5342,From Dam #3 upstream to Harmon St. crossing in Sugar Land,5.16,Miles
2638006,06,TX,State,TCEQMAIN,Texas,STREAM,TX-1245_02,Upper Oyster Creek,2018,Not Supporting,4A,,SALINITY/TOTAL DISSOLVED SOLIDS/CHLORIDES/SULFATES,TOTAL DISSOLVED SOLIDS (TDS),AGRICULTURE,N,5342,From Dam #3 upstream to Harmon St. crossing in Sugar Land,5.16,Miles
2638007,06,TX,State,TCEQMAIN,Texas,STREAM,TX-1245_02,Upper Oyster Creek,2018,Not Supporting,4A,,TEMPERATURE,TEMPERATURE,AGRICULTURE,N,5342,From Dam #3 upstream to Harmon St. crossing in Sugar Land,5.16,Miles
2638008,06,TX,State,TCEQMAIN,Texas,STREAM,TX-1245_02,Upper Oyster Creek,2018,Not Supporting,4A,,TOXIC INORGANICS,FLUORIDE,AGRICULTURE,N,5342,From Dam #3 upstream to Harmon St. crossing in Sugar Land,5.16,Miles
