objectId,region,state,organizationType,organizationId,organizationName,waterType,useClassName,monitoringLocationId,monitoringLocationOrgId,assessmentUnitId,assessmentUnitName,assessmentUnitStatus,reportingCycle,cycleId,locationDescription,monitoringLocationDataLink,sizeSource,sourceScale,waterSize,waterSizeUnits
218068,08,MT,State,MTDEQ,Montana,RIVER,B-1,KCUPSTREAMQ,MTWTRSHD_WQX,MT76F004_110,Kleinschmidt Creek,A,2021,13224,"KLEINSCHMIDT CREEK, Ward Creek to mouth (Rock Creek)",,NHDHv220_gdb10_SPC_20151107,"1:24,000",4.67,Miles
218069,08,MT,State,MTDEQ,Montana,RIVER,B-1,C03KLSMC01,MDEQ_WQ_WQX,MT76F004_110,Kleinschmidt Creek,A,2021,13224,"KLEINSCHMIDT CREEK, Ward Creek to mouth (Rock Creek)",,NHDHv220_gdb10_SPC_20151107,"1:24,000",4.67,Miles
561961,08,MT,State,MTDEQ,Montana,RIVER,B-1,CROSS_SECTION_2,MTWTRSHD_WQX,MT76F004_110,Kleinschmidt Creek,A,2021,13224,"KLEINSCHMIDT CREEK, Ward Creek to mouth (Rock Creek)",,NHDHv220_gdb10_SPC_20151107,"1:24,000",4.67,Miles
905922,08,MT,State,MTDEQ,Montana,RIVER,B-1,KLEIN_GL,MTWTRSHD_WQX,MT76F004_110,Kleinschmidt Creek,A,2021,13224,"KLEINSCHMIDT CREEK, Ward Creek to mouth (Rock Creek)",,NHDHv220_gdb10_SPC_20151107,"1:24,000",4.67,Miles
905923,08,MT,State,MTDEQ,Montana,RIVER,B-1,KLSW-2,MTWTRSHD_WQX,MT76F004_110,Kleinschmidt Creek,A,2021,13224,"KLEINSCHMIDT CREEK, Ward Creek to mouth (Rock Creek)",,NHDHv220_gdb10_SPC_20151107,"1:24,000",4.67,Miles
1249558,08,MT,State,MTDEQ,Montana,RIVER,B-1,KCPEBBLECOUNT_2,MTWTRSHD_WQX,MT76F004_110,Kleinschmidt Creek,A,2021,13224,"KLEINSCHMIDT CREEK, Ward Creek to mouth (Rock Creek)",,NHDHv220_gdb10_SPC_20151107,"1:24,000",4.67,Miles
1593581,08,MT,State,MTDEQ,Montana,RIVER,B-1,KLEIN_1,MTWTRSHD_WQX,MT76F004_110,Kleinschmidt Creek,A,2021,13224,"KLEINSCHMIDT CREEK, Ward Creek to mouth (Rock Creek)",,NHDHv220_gdb10_SPC_20151107,"1:24,000",4.67,Miles
1593582,08,MT,State,MTDEQ,Montana,RIVER,B-1,C03KLSMC03,MDEQ_WQ_WQX,MT76F004_110,Kleinschmidt Creek,A,2021,13224,"KLEINSCHMIDT CREEK, Ward Creek to mouth (Rock Creek)",,NHDHv220_gdb10_SPC_20151107,"1:24,000",4.67,Miles
1936977,08,MT,State,MTDEQ,Montana,RIVER,B-1,KLCPR,MTWTRSHD_WQX,MT76F004_110,Kleinschmidt Creek,A,2021,13224,"KLEINSCHMIDT CREEK, Ward Creek to mouth (Rock Creek)",,NHDHv220_gdb10_SPC_20151107,"1:24,000",4.67,Miles
1936978,08,MT,State,MTDEQ,Montana,RIVER,B-1,C03KLSMC02,MDEQ_WQ_WQX,MT76F004_110,Kleinschmidt Creek,A,2021,13224,"KLEINSCHMIDT CREEK, Ward Creek to mouth (Rock Creek)",,NHDHv220_gdb10_SPC_20151107,"1:24,000",4.67,Miles
1936979,08,MT,State,MTDEQ,Montana,RIVER,B-1,KLSW-1,MTWTRSHD_WQX,MT76F004_110,Kleinschmidt Creek,A,2021,13224,"KLEINSCHMIDT CREEK, Ward Creek to mouth (Rock Creek)",,NHDHv220_gdb10_SPC_20151107,"1:24,000",4.67,Miles
1936980,08,MT,State,MTDEQ,Montana,RIVER,B-1,C03KLSMC01,MTWTRSHD_WQX,MT76F004_110,Kleinschmidt Creek,A,2021,13224,"KLEINSCHMIDT CREEK, Ward Creek to mouth (Rock Creek)",,NHDHv220_gdb10_SPC_20151107,"1:24,000",4.67,Miles
2281373,08,MT,State,MTDEQ,Montana,RIVER,B-1,KLEIN_2,MTWTRSHD_WQX,MT76F004_110,Kleinschmidt Creek,A,2021,13224,"KLEINSCHMIDT CREEK, Ward Creek to mouth (Rock Creek)",,NHDHv220_gdb10_SPC_20151107,"1:24,000",4.67,Miles
2281374,08,MT,State,MTDEQ,Montana,RIVER,B-1,KCPEBBLECOUNT_1,MTWTRSHD_WQX,MT76F004_110,Kleinschmidt Creek,A,2021,13224,"KLEINSCHMIDT CREEK, Ward Creek to mouth (Rock Creek)",,NHDHv220_gdb10_SPC_20151107,"1:24,000",4.67,Miles
2624802,08,MT,State,MTDEQ,Montana,RIVER,B-1,KCDOWNSTREAMQ,MTWTRSHD_WQX,MT76F004_110,Kleinschmidt Creek,A,2021,13224,"KLEINSCHMIDT CREEK, Ward Creek to mouth (Rock Creek)",,NHDHv220_gdb10_SPC_20151107,"1:24,000",4.67,Miles
2624803,08,MT,State,MTDEQ,Montana,RIVER,B-1,CROSS_SECTION_1,MTWTRSHD_WQX,MT76F004_110,Kleinschmidt Creek,A,2021,13224,"KLEINSCHMIDT CREEK, Ward Creek to mouth (Rock Creek)",,NHDHv220_gdb10_SPC_20151107,"1:24,000",4.67,Miles
