objectId,region,state,organizationType,organizationId,organizationName,assessmentUnitId,assessmentUnitName,catchmentNhdPlusId,reportingCycle,cycleId
158690913,04,AL,State,21AWIC,Alabama Department of Environmental Management,AL03150202-0404-110,Sixmile Creek,15001700002853,2024,20565
158690914,04,AL,State,21AWIC,Alabama Department of Environmental Management,AL03150202-0404-110,Sixmile Creek,15001700002939,2024,20565
158690915,04,AL,State,21AWIC,Alabama Department of Environmental Management,AL03150202-0404-110,Sixmile Creek,15001700002940,2024,20565
158690916,04,AL,State,21AWIC,Alabama Department of Environmental Management,AL03150202-0404-110,Sixmile Creek,15001700002941,2024,20565
158690917,04,AL,State,21AWIC,Alabama Department of Environmental Management,AL03150202-0404-110,Sixmile Creek,15001700003077,2024,20565
158690918,04,AL,State,21AWIC,Alabama Department of Environmental Management,AL03150202-0404-110,Sixmile Creek,15001700004732,2024,20565
158690919,04,AL,State,21AWIC,Alabama Department of Environmental Management,AL03150202-0404-110,Sixmile Creek,15001700004733,2024,20565
158690920,04,AL,State,21AWIC,Alabama Department of Environmental Management,AL03150202-0404-110,Sixmile Creek,15001700004737,2024,20565
158690921,04,AL,State,21AWIC,Alabama Department of Environmental Management,AL03150202-0404-110,Sixmile Creek,15001700004738,2024,20565
158690922,04,AL,State,21AWIC,Alabama Department of Environmental Management,AL03150202-0404-110,Sixmile Creek,15001700004988,2024,20565
158690923,04,AL,State,21AWIC,Alabama Department of Environmental Management,AL03150202-0404-110,Sixmile Creek,15001700004989,2024,20565
158690924,04,AL,State,21AWIC,Alabama Department of Environmental Management,AL03150202-0404-110,Sixmile Creek,15001700005263,2024,20565
158690925,04,AL,State,21AWIC,Alabama Department of Environmental Management,AL03150202-0404-110,Sixmile Creek,15001700023241,2024,20565
158690926,04,AL,State,21AWIC,Alabama Department of Environmental Management,AL03150202-0404-110,Sixmile Creek,15001700023465,2024,20565
158690927,04,AL,State,21AWIC,Alabama Department of Environmental Management,AL03150202-0404-110,Sixmile Creek,15001700023703,2024,20565
158690928,04,AL,State,21AWIC,Alabama Department of Environmental Management,AL03150202-0404-110,Sixmile Creek,15001700023904,2024,20565
158690929,04,AL,State,21AWIC,Alabama Department of Environmental Management,AL03150202-0404-110,Sixmile Creek,15001700024143,2024,20565
158690930,04,AL,State,21AWIC,Alabama Department of Environmental Management,AL03150202-0404-110,Sixmile Creek,15001700024366,2024,20565
158690931,04,AL,State,21AWIC,Alabama Department of Environmental Management,AL03150202-0404-110,Sixmile Creek,15001700025060,2024,20565
158690932,04,AL,State,21AWIC,Alabama Department of Environmental Management,AL03150202-0404-110,Sixmile Creek,15001700025061,2024,20565
158690933,04,AL,State,21AWIC,Alabama Department of Environmental Management,AL03150202-0404-110,Sixmile Creek,15001700025308,2024,20565
158690934,04,AL,State,21AWIC,Alabama Department of Environmental Management,AL03150202-0404-110,Sixmile Creek,15001700043622,2024,20565
158690935,04,AL,State,21AWIC,Alabama Department of Environmental Management,AL03150202-0404-110,Sixmile Creek,15001700043708,2024,20565
158690936,04,AL,State,21AWIC,Alabama Department of Environmental Management,AL03150202-0404-110,Sixmile Creek,15001700044089,2024,20565
158690937,04,AL,State,21AWIC,Alabama Department of Environmental Management,AL03150202-0404-110,Sixmile Creek,15001700044090,2024,20565
158690938,04,AL,State,21AWIC,Alabama Department of Environmental Management,AL03150202-0404-110,Sixmile Creek,15001700044095,2024,20565
158690939,04,AL,State,21AWIC,Alabama Department of Environmental Management,AL03150202-0404-110,Sixmile Creek,15001700044295,2024,20565
158690940,04,AL,State,21AWIC,Alabama Department of Environmental Management,AL03150202-0404-110,Sixmile Creek,15001700044926,2024,20565
158690941,04,AL,State,21AWIC,Alabama Department of Environmental Management,AL03150202-0404-110,Sixmile Creek,15001700044927,2024,20565
158690942,04,AL,State,21AWIC,Alabama Department of Environmental Management,AL03150202-0404-110,Sixmile Creek,15001700045170,2024,20565
158690943,04,AL,State,21AWIC,Alabama Department of Environmental Management,AL03150202-0404-110,Sixmile Creek,15001700045171,2024,20565
158690944,04,AL,State,21AWIC,Alabama Department of Environmental Management,AL03150202-0404-110,Sixmile Creek,15001700064018,2024,20565
158690945,04,AL,State,21AWIC,Alabama Department of Environmental Management,AL03150202-0404-110,Sixmile Creek,15001700064371,2024,20565
158690946,04,AL,State,21AWIC,Alabama Department of Environmental Management,AL03150202-0404-110,Sixmile Creek,15001700064372,2024,20565
158690947,04,AL,State,21AWIC,Alabama Department of Environmental Management,AL03150202-0404-110,Sixmile Creek,15001700064373,2024,20565
158690948,04,AL,State,21AWIC,Alabama Department of Environmental Management,AL03150202-0404-110,Sixmile Creek,15001700064374,2024,20565
158690949,04,AL,State,21AWIC,Alabama Department of Environmental Management,AL03150202-0404-110,Sixmile Creek,15001700065026,2024,20565
158690950,04,AL,State,21AWIC,Alabama Department of Environmental Management,AL03150202-0404-110,Sixmile Creek,15001700065027,2024,20565
158690951,04,AL,State,21AWIC,Alabama Department of Environmental Management,AL03150202-0404-110,Sixmile Creek,15001700065466,2024,20565
158690952,04,AL,State,21AWIC,Alabama Department of Environmental Management,AL03150202-0404-110,Sixmile Creek,15001700065981,2024,20565
158690953,04,AL,State,21AWIC,Alabama Department of Environmental Management,AL03150202-0404-110,Sixmile Creek,15001700084612,2024,20565
158690954,04,AL,State,21AWIC,Alabama Department of Environmental Management,AL03150202-0404-110,Sixmile Creek,15001700084750,2024,20565
158690955,04,AL,State,21AWIC,Alabama Department of Environmental Management,AL03150202-0404-110,Sixmile Creek,15001700084751,2024,20565
158690956,04,AL,State,21AWIC,Alabama Department of Environmental Management,AL03150202-0404-110,Sixmile Creek,15001700084981,2024,20565
158690957,04,AL,State,21AWIC,Alabama Department of Environmental Management,AL03150202-0404-110,Sixmile Creek,15001700085198,2024,20565
158690958,04,AL,State,21AWIC,Alabama Department of Environmental Management,AL03150202-0404-110,Sixmile Creek,15001700086348,2024,20565
158690959,04,AL,State,21AWIC,Alabama Department of Environmental Management,AL03150202-0404-110,Sixmile Creek,15001700086583,2024,20565
158690960,04,AL,State,21AWIC,Alabama Department of Environmental Management,AL03150202-0404-110,Sixmile Creek,15001700086817,2024,20565
158690961,04,AL,State,21AWIC,Alabama Department of Environmental Management,AL03150202-0404-110,Sixmile Creek,15001700105178,2024,20565
158690962,04,AL,State,21AWIC,Alabama Department of Environmental Management,AL03150202-0404-110,Sixmile Creek,15001700105179,2024,20565
158690963,04,AL,State,21AWIC,Alabama Department of Environmental Management,AL03150202-0404-110,Sixmile Creek,15001700106101,2024,20565
158690964,04,AL,State,21AWIC,Alabama Department of Environmental Management,AL03150202-0404-110,Sixmile Creek,15001700106492,2024,20565
158690965,04,AL,State,21AWIC,Alabama Department of Environmental Management,AL03150202-0404-110,Sixmile Creek,15001700106760,2024,20565
158690966,04,AL,State,21AWIC,Alabama Department of Environmental Management,AL03150202-0404-110,Sixmile Creek,15001700106761,2024,20565
158690967,04,AL,State,21AWIC,Alabama Department of Environmental Management,AL03150202-0404-110,Sixmile Creek,15001700107000,2024,20565
158690968,04,AL,State,21AWIC,Alabama Department of Environmental Management,AL03150202-0404-110,Sixmile Creek,15001700125579,2024,20565
158690969,04,AL,State,21AWIC,Alabama Department of Environmental Management,AL03150202-0404-110,Sixmile Creek,15001700125661,2024,20565
158690970,04,AL,State,21AWIC,Alabama Department of Environmental Management,AL03150202-0404-110,Sixmile Creek,15001700125784,2024,20565
158690971,04,AL,State,21AWIC,Alabama Department of Environmental Management,AL03150202-0404-110,Sixmile Creek,15001700125786,2024,20565
158690972,04,AL,State,21AWIC,Alabama Department of Environmental Management,AL03150202-0404-110,Sixmile Creek,15001700126004,2024,20565
158690973,04,AL,State,21AWIC,Alabama Department of Environmental Management,AL03150202-0404-110,Sixmile Creek,15001700126005,2024,20565
158690974,04,AL,State,21AWIC,Alabama Department of Environmental Management,AL03150202-0404-110,Sixmile Creek,15001700126212,2024,20565
158690975,04,AL,State,21AWIC,Alabama Department of Environmental Management,AL03150202-0404-110,Sixmile Creek,15001700126464,2024,20565
158690976,04,AL,State,21AWIC,Alabama Department of Environmental Management,AL03150202-0404-110,Sixmile Creek,15001700126699,2024,20565
158690977,04,AL,State,21AWIC,Alabama Department of Environmental Management,AL03150202-0404-110,Sixmile Creek,15001700126924,2024,20565
158690978,04,AL,State,21AWIC,Alabama Department of Environmental Management,AL03150202-0404-110,Sixmile Creek,15001700146072,2024,20565
158690979,04,AL,State,21AWIC,Alabama Department of Environmental Management,AL03150202-0404-110,Sixmile Creek,15001700146277,2024,20565
158690980,04,AL,State,21AWIC,Alabama Department of Environmental Management,AL03150202-0404-110,Sixmile Creek,15001700146485,2024,20565
158690981,04,AL,State,21AWIC,Alabama Department of Environmental Management,AL03150202-0404-110,Sixmile Creek,15001700147357,2024,20565
158690982,04,AL,State,21AWIC,Alabama Department of Environmental Management,AL03150202-0404-110,Sixmile Creek,15001700147358,2024,20565
158690983,04,AL,State,21AWIC,Alabama Department of Environmental Management,AL03150202-0404-110,Sixmile Creek,15001700147553,2024,20565
158690984,04,AL,State,21AWIC,Alabama Department of Environmental Management,AL03150202-0404-110,Sixmile Creek,15001700148088,2024,20565
158690985,04,AL,State,21AWIC,Alabama Department of Environmental Management,AL03150202-0404-110,Sixmile Creek,15001700002853,2024,20565
158690986,04,AL,State,21AWIC,Alabama Department of Environmental Management,AL03150202-0404-110,Sixmile Creek,15001700002939,2024,20565
158690987,04,AL,State,21AWIC,Alabama Department of Environmental Management,AL03150202-0404-110,Sixmile Creek,15001700002940,2024,20565
158690988,04,AL,State,21AWIC,Alabama Department of Environmental Management,AL03150202-0404-110,Sixmile Creek,15001700002941,2024,20565
158690989,04,AL,State,21AWIC,Alabama Department of Environmental Management,AL03150202-0404-110,Sixmile Creek,15001700003077,2024,20565
158690990,04,AL,State,21AWIC,Alabama Department of Environmental Management,AL03150202-0404-110,Sixmile Creek,15001700004732,2024,20565
158690991,04,AL,State,21AWIC,Alabama Department of Environmental Management,AL03150202-0404-110,Sixmile Creek,15001700004733,2024,20565
158690992,04,AL,State,21AWIC,Alabama Department of Environmental Management,AL03150202-0404-110,Sixmile Creek,15001700004737,2024,20565
158690993,04,AL,State,21AWIC,Alabama Department of Environmental Management,AL03150202-0404-110,Sixmile Creek,15001700004738,2024,20565
158690994,04,AL,State,21AWIC,Alabama Department of Environmental Management,AL03150202-0404-110,Sixmile Creek,15001700004988,2024,20565
158690995,04,AL,State,21AWIC,Alabama Department of Environmental Management,AL03150202-0404-110,Sixmile Creek,15001700004989,2024,20565
158690996,04,AL,State,21AWIC,Alabama Department of Environmental Management,AL03150202-0404-110,Sixmile Creek,15001700005263,2024,20565
158690997,04,AL,State,21AWIC,Alabama Department of Environmental Management,AL03150202-0404-110,Sixmile Creek,15001700023241,2024,20565
158690998,04,AL,State,21AWIC,Alabama Department of Environmental Management,AL03150202-0404-110,Sixmile Creek,15001700023465,2024,20565
158690999,04,AL,State,21AWIC,Alabama Department of Environmental Management,AL03150202-0404-110,Sixmile Creek,15001700023703,2024,20565
158691000,04,AL,State,21AWIC,Alabama Department of Environmental Management,AL03150202-0404-110,Sixmile Creek,15001700023904,2024,20565
158691001,04,AL,State,21AWIC,Alabama Department of Environmental Management,AL03150202-0404-110,Sixmile Creek,15001700024143,2024,20565
158691002,04,AL,State,21AWIC,Alabama Department of Environmental Management,AL03150202-0404-110,Sixmile Creek,15001700024366,2024,20565
158691003,04,AL,State,21AWIC,Alabama Department of Environmental Management,AL03150202-0404-110,Sixmile Creek,15001700025060,2024,20565
158691004,04,AL,State,21AWIC,Alabama Department of Environmental Management,AL03150202-0404-110,Sixmile Creek,15001700025061,2024,20565
158691005,04,AL,State,21AWIC,Alabama Department of Environmental Management,AL03150202-0404-110,Sixmile Creek,15001700025308,2024,20565
158691006,04,AL,State,21AWIC,Alabama Department of Environmental Management,AL03150202-0404-110,Sixmile Creek,15001700043622,2024,20565
158691007,04,AL,State,21AWIC,Alabama Department of Environmental Management,AL03150202-0404-110,Sixmile Creek,15001700043708,2024,20565
158691008,04,AL,State,21AWIC,Alabama Department of Environmental Management,AL03150202-0404-110,Sixmile Creek,15001700044089,2024,20565
158691009,04,AL,State,21AWIC,Alabama Department of Environmental Management,AL03150202-0404-110,Sixmile Creek,15001700044090,2024,20565
158691010,04,AL,State,21AWIC,Alabama Department of Environmental Management,AL03150202-0404-110,Sixmile Creek,15001700044095,2024,20565
158691011,04,AL,State,21AWIC,Alabama Department of Environmental Management,AL03150202-0404-110,Sixmile Creek,15001700044295,2024,20565
158691012,04,AL,State,21AWIC,Alabama Department of Environmental Management,AL03150202-0404-110,Sixmile Creek,15001700044926,2024,20565
158691013,04,AL,State,21AWIC,Alabama Department of Environmental Management,AL03150202-0404-110,Sixmile Creek,15001700044927,2024,20565
158691014,04,AL,State,21AWIC,Alabama Department of Environmental Management,AL03150202-0404-110,Sixmile Creek,15001700045170,2024,20565
158691015,04,AL,State,21AWIC,Alabama Department of Environmental Management,AL03150202-0404-110,Sixmile Creek,15001700045171,2024,20565
158691016,04,AL,State,21AWIC,Alabama Department of Environmental Management,AL03150202-0404-110,Sixmile Creek,15001700064018,2024,20565
158691017,04,AL,State,21AWIC,Alabama Department of Environmental Management,AL03150202-0404-110,Sixmile Creek,15001700064371,2024,20565
158691018,04,AL,State,21AWIC,Alabama Department of Environmental Management,AL03150202-0404-110,Sixmile Creek,15001700064372,2024,20565
158691019,04,AL,State,21AWIC,Alabama Department of Environmental Management,AL03150202-0404-110,Sixmile Creek,15001700064373,2024,20565
158691020,04,AL,State,21AWIC,Alabama Department of Environmental Management,AL03150202-0404-110,Sixmile Creek,15001700064374,2024,20565
158691021,04,AL,State,21AWIC,Alabama Department of Environmental Management,AL03150202-0404-110,Sixmile Creek,15001700065026,2024,20565
158691022,04,AL,State,21AWIC,Alabama Department of Environmental Management,AL03150202-0404-110,Sixmile Creek,15001700065027,2024,20565
158691023,04,AL,State,21AWIC,Alabama Department of Environmental Management,AL03150202-0404-110,Sixmile Creek,15001700065466,2024,20565
158691024,04,AL,State,21AWIC,Alabama Department of Environmental Management,AL03150202-0404-110,Sixmile Creek,15001700065981,2024,20565
158691025,04,AL,State,21AWIC,Alabama Department of Environmental Management,AL03150202-0404-110,Sixmile Creek,15001700084612,2024,20565
158691026,04,AL,State,21AWIC,Alabama Department of Environmental Management,AL03150202-0404-110,Sixmile Creek,15001700084750,2024,20565
158691027,04,AL,State,21AWIC,Alabama Department of Environmental Management,AL03150202-0404-110,Sixmile Creek,15001700084751,2024,20565
158691028,04,AL,State,21AWIC,Alabama Department of Environmental Management,AL03150202-0404-110,Sixmile Creek,15001700084981,2024,20565
158691029,04,AL,State,21AWIC,Alabama Department of Environmental Management,AL03150202-0404-110,Sixmile Creek,15001700085198,2024,20565
158691030,04,AL,State,21AWIC,Alabama Department of Environmental Management,AL03150202-0404-110,Sixmile Creek,15001700086348,2024,20565
158691031,04,AL,State,21AWIC,Alabama Department of Environmental Management,AL03150202-0404-110,Sixmile Creek,15001700086583,2024,20565
158691032,04,AL,State,21AWIC,Alabama Department of Environmental Management,AL03150202-0404-110,Sixmile Creek,15001700086817,2024,20565
158691033,04,AL,State,21AWIC,Alabama Department of Environmental Management,AL03150202-0404-110,Sixmile Creek,15001700105178,2024,20565
158691034,04,AL,State,21AWIC,Alabama Department of Environmental Management,AL03150202-0404-110,Sixmile Creek,15001700105179,2024,20565
158691035,04,AL,State,21AWIC,Alabama Department of Environmental Management,AL03150202-0404-110,Sixmile Creek,15001700106101,2024,20565
158691036,04,AL,State,21AWIC,Alabama Department of Environmental Management,AL03150202-0404-110,Sixmile Creek,15001700106492,2024,20565
158691037,04,AL,State,21AWIC,Alabama Department of Environmental Management,AL03150202-0404-110,Sixmile Creek,15001700106760,2024,20565
158691038,04,AL,State,21AWIC,Alabama Department of Environmental Management,AL03150202-0404-110,Sixmile Creek,15001700106761,2024,20565
158691039,04,AL,State,21AWIC,Alabama Department of Environmental Management,AL03150202-0404-110,Sixmile Creek,15001700107000,2024,20565
158691040,04,AL,State,21AWIC,Alabama Department of Environmental Management,AL03150202-0404-110,Sixmile Creek,15001700125579,2024,20565
158691041,04,AL,State,21AWIC,Alabama Department of Environmental Management,AL03150202-0404-110,Sixmile Creek,15001700125661,2024,20565
158691042,04,AL,State,21AWIC,Alabama Department of Environmental Management,AL03150202-0404-110,Sixmile Creek,15001700125784,2024,20565
158691043,04,AL,State,21AWIC,Alabama Department of Environmental Management,AL03150202-0404-110,Sixmile Creek,15001700125786,2024,20565
158691044,04,AL,State,21AWIC,Alabama Department of Environmental Management,AL03150202-0404-110,Sixmile Creek,15001700126004,2024,20565
158691045,04,AL,State,21AWIC,Alabama Department of Environmental Management,AL03150202-0404-110,Sixmile Creek,15001700126005,2024,20565
158691046,04,AL,State,21AWIC,Alabama Department of Environmental Management,AL03150202-0404-110,Sixmile Creek,15001700126212,2024,20565
158691047,04,AL,State,21AWIC,Alabama Department of Environmental Management,AL03150202-0404-110,Sixmile Creek,15001700126464,2024,20565
158691048,04,AL,State,21AWIC,Alabama Department of Environmental Management,AL03150202-0404-110,Sixmile Creek,15001700126699,2024,20565
158691049,04,AL,State,21AWIC,Alabama Department of Environmental Management,AL03150202-0404-110,Sixmile Creek,15001700126924,2024,20565
158691050,04,AL,State,21AWIC,Alabama Department of Environmental Management,AL03150202-0404-110,Sixmile Creek,15001700146072,2024,20565
158691051,04,AL,State,21AWIC,Alabama Department of Environmental Management,AL03150202-0404-110,Sixmile Creek,15001700146277,2024,20565
158691052,04,AL,State,21AWIC,Alabama Department of Environmental Management,AL03150202-0404-110,Sixmile Creek,15001700146485,2024,20565
158691053,04,AL,State,21AWIC,Alabama Department of Environmental Management,AL03150202-0404-110,Sixmile Creek,15001700147357,2024,20565
158691054,04,AL,State,21AWIC,Alabama Department of Environmental Management,AL03150202-0404-110,Sixmile Creek,15001700147358,2024,20565
158691055,04,AL,State,21AWIC,Alabama Department of Environmental Management,AL03150202-0404-110,Sixmile Creek,15001700147553,2024,20565
158691056,04,AL,State,21AWIC,Alabama Department of Environmental Management,AL03150202-0404-110,Sixmile Creek,15001700148088,2024,20565
158691057,04,AL,State,21AWIC,Alabama Department of Environmental Management,AL03150202-0404-110,Sixmile Creek,15001700002853,2024,20565
158691058,04,AL,State,21AWIC,Alabama Department of Environmental Management,AL03150202-0404-110,Sixmile Creek,15001700002939,2024,20565
158691059,04,AL,State,21AWIC,Alabama Department of Environmental Management,AL03150202-0404-110,Sixmile Creek,15001700002940,2024,20565
158691060,04,AL,State,21AWIC,Alabama Department of Environmental Management,AL03150202-0404-110,Sixmile Creek,15001700002941,2024,20565
158691061,04,AL,State,21AWIC,Alabama Department of Environmental Management,AL03150202-0404-110,Sixmile Creek,15001700003077,2024,20565
158691062,04,AL,State,21AWIC,Alabama Department of Environmental Management,AL03150202-0404-110,Sixmile Creek,15001700004732,2024,20565
158691063,04,AL,State,21AWIC,Alabama Department of Environmental Management,AL03150202-0404-110,Sixmile Creek,15001700004733,2024,20565
158691064,04,AL,State,21AWIC,Alabama Department of Environmental Management,AL03150202-0404-110,Sixmile Creek,15001700004737,2024,20565
158691065,04,AL,State,21AWIC,Alabama Department of Environmental Management,AL03150202-0404-110,Sixmile Creek,15001700004738,2024,20565
158691066,04,AL,State,21AWIC,Alabama Department of Environmental Management,AL03150202-0404-110,Sixmile Creek,15001700004988,2024,20565
158691067,04,AL,State,21AWIC,Alabama Department of Environmental Management,AL03150202-0404-110,Sixmile Creek,15001700004989,2024,20565
158691068,04,AL,State,21AWIC,Alabama Department of Environmental Management,AL03150202-0404-110,Sixmile Creek,15001700005263,2024,20565
158691069,04,AL,State,21AWIC,Alabama Department of Environmental Management,AL03150202-0404-110,Sixmile Creek,15001700023241,2024,20565
158691070,04,AL,State,21AWIC,Alabama Department of Environmental Management,AL03150202-0404-110,Sixmile Creek,15001700023465,2024,20565
158691071,04,AL,State,21AWIC,Alabama Department of Environmental Management,AL03150202-0404-110,Sixmile Creek,15001700023703,2024,20565
158691072,04,AL,State,21AWIC,Alabama Department of Environmental Management,AL03150202-0404-110,Sixmile Creek,15001700023904,2024,20565
158691073,04,AL,State,21AWIC,Alabama Department of Environmental Management,AL03150202-0404-110,Sixmile Creek,15001700024143,2024,20565
158691074,04,AL,State,21AWIC,Alabama Department of Environmental Management,AL03150202-0404-110,Sixmile Creek,15001700024366,2024,20565
158691075,04,AL,State,21AWIC,Alabama Department of Environmental Management,AL03150202-0404-110,Sixmile Creek,15001700025060,2024,20565
158691076,04,AL,State,21AWIC,Alabama Department of Environmental Management,AL03150202-0404-110,Sixmile Creek,15001700025061,2024,20565
158691077,04,AL,State,21AWIC,Alabama Department of Environmental Management,AL03150202-0404-110,Sixmile Creek,15001700025308,2024,20565
158691078,04,AL,State,21AWIC,Alabama Department of Environmental Management,AL03150202-0404-110,Sixmile Creek,15001700043622,2024,20565
158691079,04,AL,State,21AWIC,Alabama Department of Environmental Management,AL03150202-0404-110,Sixmile Creek,15001700043708,2024,20565
158691080,04,AL,State,21AWIC,Alabama Department of Environmental Management,AL03150202-0404-110,Sixmile Creek,15001700044089,2024,20565
158691081,04,AL,State,21AWIC,Alabama Department of Environmental Management,AL03150202-0404-110,Sixmile Creek,15001700044090,2024,20565
158691082,04,AL,State,21AWIC,Alabama Department of Environmental Management,AL03150202-0404-110,Sixmile Creek,15001700044095,2024,20565
158691083,04,AL,State,21AWIC,Alabama Department of Environmental Management,AL03150202-0404-110,Sixmile Creek,15001700044295,2024,20565
158691084,04,AL,State,21AWIC,Alabama Department of Environmental Management,AL03150202-0404-110,Sixmile Creek,15001700044926,2024,20565
158691085,04,AL,State,21AWIC,Alabama Department of Environmental Management,AL03150202-0404-110,Sixmile Creek,15001700044927,2024,20565
158691086,04,AL,State,21AWIC,Alabama Department of Environmental Management,AL03150202-0404-110,Sixmile Creek,15001700045170,2024,20565
158691087,04,AL,State,21AWIC,Alabama Department of Environmental Management,AL03150202-0404-110,Sixmile Creek,15001700045171,2024,20565
158691088,04,AL,State,21AWIC,Alabama Department of Environmental Management,AL03150202-0404-110,Sixmile Creek,15001700064018,2024,20565
158691089,04,AL,State,21AWIC,Alabama Department of Environmental Management,AL03150202-0404-110,Sixmile Creek,15001700064371,2024,20565
158691090,04,AL,State,21AWIC,Alabama Department of Environmental Management,AL03150202-0404-110,Sixmile Creek,15001700064372,2024,20565
158691091,04,AL,State,21AWIC,Alabama Department of Environmental Management,AL03150202-0404-110,Sixmile Creek,15001700064373,2024,20565
158691092,04,AL,State,21AWIC,Alabama Department of Environmental Management,AL03150202-0404-110,Sixmile Creek,15001700064374,2024,20565
158691093,04,AL,State,21AWIC,Alabama Department of Environmental Management,AL03150202-0404-110,Sixmile Creek,15001700065026,2024,20565
158691094,04,AL,State,21AWIC,Alabama Department of Environmental Management,AL03150202-0404-110,Sixmile Creek,15001700065027,2024,20565
158691095,04,AL,State,21AWIC,Alabama Department of Environmental Management,AL03150202-0404-110,Sixmile Creek,15001700065466,2024,20565
158691096,04,AL,State,21AWIC,Alabama Department of Environmental Management,AL03150202-0404-110,Sixmile Creek,15001700065981,2024,20565
158691097,04,AL,State,21AWIC,Alabama Department of Environmental Management,AL03150202-0404-110,Sixmile Creek,15001700084612,2024,20565
158691098,04,AL,State,21AWIC,Alabama Department of Environmental Management,AL03150202-0404-110,Sixmile Creek,15001700084750,2024,20565
158691099,04,AL,State,21AWIC,Alabama Department of Environmental Management,AL03150202-0404-110,Sixmile Creek,15001700084751,2024,20565
158691100,04,AL,State,21AWIC,Alabama Department of Environmental Management,AL03150202-0404-110,Sixmile Creek,15001700084981,2024,20565
158691101,04,AL,State,21AWIC,Alabama Department of Environmental Management,AL03150202-0404-110,Sixmile Creek,15001700086817,2024,20565
158691102,04,AL,State,21AWIC,Alabama Department of Environmental Management,AL03150202-0404-110,Sixmile Creek,15001700085198,2024,20565
158691103,04,AL,State,21AWIC,Alabama Department of Environmental Management,AL03150202-0404-110,Sixmile Creek,15001700086348,2024,20565
158691104,04,AL,State,21AWIC,Alabama Department of Environmental Management,AL03150202-0404-110,Sixmile Creek,15001700086583,2024,20565
158691105,04,AL,State,21AWIC,Alabama Department of Environmental Management,AL03150202-0404-110,Sixmile Creek,15001700105178,2024,20565
158691106,04,AL,State,21AWIC,Alabama Department of Environmental Management,AL03150202-0404-110,Sixmile Creek,15001700105179,2024,20565
158691107,04,AL,State,21AWIC,Alabama Department of Environmental Management,AL03150202-0404-110,Sixmile Creek,15001700106101,2024,20565
158691108,04,AL,State,21AWIC,Alabama Department of Environmental Management,AL03150202-0404-110,Sixmile Creek,15001700106492,2024,20565
158691109,04,AL,State,21AWIC,Alabama Department of Environmental Management,AL03150202-0404-110,Sixmile Creek,15001700106760,2024,20565
158691110,04,AL,State,21AWIC,Alabama Department of Environmental Management,AL03150202-0404-110,Sixmile Creek,15001700106761,2024,20565
158691111,04,AL,State,21AWIC,Alabama Department of Environmental Management,AL03150202-0404-110,Sixmile Creek,15001700107000,2024,20565
158691112,04,AL,State,21AWIC,Alabama Department of Environmental Management,AL03150202-0404-110,Sixmile Creek,15001700125579,2024,20565
158691113,04,AL,State,21AWIC,Alabama Department of Environmental Management,AL03150202-0404-110,Sixmile Creek,15001700125661,2024,20565
158691114,04,AL,State,21AWIC,Alabama Department of Environmental Management,AL03150202-0404-110,Sixmile Creek,15001700125784,2024,20565
158691115,04,AL,State,21AWIC,Alabama Department of Environmental Management,AL03150202-0404-110,Sixmile Creek,15001700125786,2024,20565
158691116,04,AL,State,21AWIC,Alabama Department of Environmental Management,AL03150202-0404-110,Sixmile Creek,15001700126004,2024,20565
158691117,04,AL,State,21AWIC,Alabama Department of Environmental Management,AL03150202-0404-110,Sixmile Creek,15001700126005,2024,20565
158691118,04,AL,State,21AWIC,Alabama Department of Environmental Management,AL03150202-0404-110,Sixmile Creek,15001700126212,2024,20565
158691119,04,AL,State,21AWIC,Alabama Department of Environmental Management,AL03150202-0404-110,Sixmile Creek,15001700126464,2024,20565
158691120,04,AL,State,21AWIC,Alabama Department of Environmental Management,AL03150202-0404-110,Sixmile Creek,15001700126699,2024,20565
158691121,04,AL,State,21AWIC,Alabama Department of Environmental Management,AL03150202-0404-110,Sixmile Creek,15001700126924,2024,20565
158691122,04,AL,State,21AWIC,Alabama Department of Environmental Management,AL03150202-0404-110,Sixmile Creek,15001700146072,2024,20565
158691123,04,AL,State,21AWIC,Alabama Department of Environmental Management,AL03150202-0404-110,Sixmile Creek,15001700146277,2024,20565
158691124,04,AL,State,21AWIC,Alabama Department of Environmental Management,AL03150202-0404-110,Sixmile Creek,15001700146485,2024,20565
158691125,04,AL,State,21AWIC,Alabama Department of Environmental Management,AL03150202-0404-110,Sixmile Creek,15001700147357,2024,20565
158691126,04,AL,State,21AWIC,Alabama Department of Environmental Management,AL03150202-0404-110,Sixmile Creek,15001700147358,2024,20565
158691127,04,AL,State,21AWIC,Alabama Department of Environmental Management,AL03150202-0404-110,Sixmile Creek,15001700147553,2024,20565
158691128,04,AL,State,21AWIC,Alabama Department of Environmental Management,AL03150202-0404-110,Sixmile Creek,15001700148088,2024,20565
158691129,04,AL,State,21AWIC,Alabama Department of Environmental Management,AL03150202-0404-110,Sixmile Creek,15001700004734,2024,20565
158691130,04,AL,State,21AWIC,Alabama Department of Environmental Management,AL03150202-0404-110,Sixmile Creek,15001700002853,2024,20565
158691131,04,AL,State,21AWIC,Alabama Department of Environmental Management,AL03150202-0404-110,Sixmile Creek,15001700002939,2024,20565
158691132,04,AL,State,21AWIC,Alabama Department of Environmental Management,AL03150202-0404-110,Sixmile Creek,15001700002940,2024,20565
158691133,04,AL,State,21AWIC,Alabama Department of Environmental Management,AL03150202-0404-110,Sixmile Creek,15001700002941,2024,20565
158691134,04,AL,State,21AWIC,Alabama Department of Environmental Management,AL03150202-0404-110,Sixmile Creek,15001700003077,2024,20565
158691135,04,AL,State,21AWIC,Alabama Department of Environmental Management,AL03150202-0404-110,Sixmile Creek,15001700004732,2024,20565
158691136,04,AL,State,21AWIC,Alabama Department of Environmental Management,AL03150202-0404-110,Sixmile Creek,15001700004733,2024,20565
158691137,04,AL,State,21AWIC,Alabama Department of Environmental Management,AL03150202-0404-110,Sixmile Creek,15001700004737,2024,20565
158691138,04,AL,State,21AWIC,Alabama Department of Environmental Management,AL03150202-0404-110,Sixmile Creek,15001700004738,2024,20565
158691139,04,AL,State,21AWIC,Alabama Department of Environmental Management,AL03150202-0404-110,Sixmile Creek,15001700004988,2024,20565
158691140,04,AL,State,21AWIC,Alabama Department of Environmental Management,AL03150202-0404-110,Sixmile Creek,15001700004989,2024,20565
158691141,04,AL,State,21AWIC,Alabama Department of Environmental Management,AL03150202-0404-110,Sixmile Creek,15001700005263,2024,20565
158691142,04,AL,State,21AWIC,Alabama Department of Environmental Management,AL03150202-0404-110,Sixmile Creek,15001700023241,2024,20565
158691143,04,AL,State,21AWIC,Alabama Department of Environmental Management,AL03150202-0404-110,Sixmile Creek,15001700023465,2024,20565
158691144,04,AL,State,21AWIC,Alabama Department of Environmental Management,AL03150202-0404-110,Sixmile Creek,15001700023703,2024,20565
158691145,04,AL,State,21AWIC,Alabama Department of Environmental Management,AL03150202-0404-110,Sixmile Creek,15001700023904,2024,20565
158691146,04,AL,State,21AWIC,Alabama Department of Environmental Management,AL03150202-0404-110,Sixmile Creek,15001700024143,2024,20565
158691147,04,AL,State,21AWIC,Alabama Department of Environmental Management,AL03150202-0404-110,Sixmile Creek,15001700024366,2024,20565
158691148,04,AL,State,21AWIC,Alabama Department of Environmental Management,AL03150202-0404-110,Sixmile Creek,15001700025060,2024,20565
158691149,04,AL,State,21AWIC,Alabama Department of Environmental Management,AL03150202-0404-110,Sixmile Creek,15001700025061,2024,20565
158691150,04,AL,State,21AWIC,Alabama Department of Environmental Management,AL03150202-0404-110,Sixmile Creek,15001700025308,2024,20565
158691151,04,AL,State,21AWIC,Alabama Department of Environmental Management,AL03150202-0404-110,Sixmile Creek,15001700043622,2024,20565
158691152,04,AL,State,21AWIC,Alabama Department of Environmental Management,AL03150202-0404-110,Sixmile Creek,15001700043708,2024,20565
158691153,04,AL,State,21AWIC,Alabama Department of Environmental Management,AL03150202-0404-110,Sixmile Creek,15001700044089,2024,20565
158691154,04,AL,State,21AWIC,Alabama Department of Environmental Management,AL03150202-0404-110,Sixmile Creek,15001700044090,2024,20565
158691155,04,AL,State,21AWIC,Alabama Department of Environmental Management,AL03150202-0404-110,Sixmile Creek,15001700044095,2024,20565
158691156,04,AL,State,21AWIC,Alabama Department of Environmental Management,AL03150202-0404-110,Sixmile Creek,15001700044295,2024,20565
158691157,04,AL,State,21AWIC,Alabama Department of Environmental Management,AL03150202-0404-110,Sixmile Creek,15001700044926,2024,20565
158691158,04,AL,State,21AWIC,Alabama Department of Environmental Management,AL03150202-0404-110,Sixmile Creek,15001700044927,2024,20565
158691159,04,AL,State,21AWIC,Alabama Department of Environmental Management,AL03150202-0404-110,Sixmile Creek,15001700045170,2024,20565
158691160,04,AL,State,21AWIC,Alabama Department of Environmental Management,AL03150202-0404-110,Sixmile Creek,15001700045171,2024,20565
158691161,04,AL,State,21AWIC,Alabama Department of Environmental Management,AL03150202-0404-110,Sixmile Creek,15001700064018,2024,20565
158691162,04,AL,State,21AWIC,Alabama Department of Environmental Management,AL03150202-0404-110,Sixmile Creek,15001700064371,2024,20565
158691163,04,AL,State,21AWIC,Alabama Department of Environmental Management,AL03150202-0404-110,Sixmile Creek,15001700064372,2024,20565
158691164,04,AL,State,21AWIC,Alabama Department of Environmental Management,AL03150202-0404-110,Sixmile Creek,15001700064373,2024,20565
158691165,04,AL,State,21AWIC,Alabama Department of Environmental Management,AL03150202-0404-110,Sixmile Creek,15001700064374,2024,20565
158691166,04,AL,State,21AWIC,Alabama Department of Environmental Management,AL03150202-0404-110,Sixmile Creek,15001700065026,2024,20565
158691167,04,AL,State,21AWIC,Alabama Department of Environmental Management,AL03150202-0404-110,Sixmile Creek,15001700065027,2024,20565
158691168,04,AL,State,21AWIC,Alabama Department of Environmental Management,AL03150202-0404-110,Sixmile Creek,15001700065466,2024,20565
158691169,04,AL,State,21AWIC,Alabama Department of Environmental Management,AL03150202-0404-110,Sixmile Creek,15001700065981,2024,20565
158691170,04,AL,State,21AWIC,Alabama Department of Environmental Management,AL03150202-0404-110,Sixmile Creek,15001700084612,2024,20565
158691171,04,AL,State,21AWIC,Alabama Department of Environmental Management,AL03150202-0404-110,Sixmile Creek,15001700084750,2024,20565
158691172,04,AL,State,21AWIC,Alabama Department of Environmental Management,AL03150202-0404-110,Sixmile Creek,15001700084751,2024,20565
158691173,04,AL,State,21AWIC,Alabama Department of Environmental Management,AL03150202-0404-110,Sixmile Creek,15001700084981,2024,20565
158691174,04,AL,State,21AWIC,Alabama Department of Environmental Management,AL03150202-0404-110,Sixmile Creek,15001700086817,2024,20565
158691175,04,AL,State,21AWIC,Alabama Department of Environmental Management,AL03150202-0404-110,Sixmile Creek,15001700085198,2024,20565
158691176,04,AL,State,21AWIC,Alabama Department of Environmental Management,AL03150202-0404-110,Sixmile Creek,15001700086348,2024,20565
158691177,04,AL,State,21AWIC,Alabama Department of Environmental Management,AL03150202-0404-110,Sixmile Creek,15001700086583,2024,20565
158691178,04,AL,State,21AWIC,Alabama Department of Environmental Management,AL03150202-0404-110,Sixmile Creek,15001700105178,2024,20565
158691179,04,AL,State,21AWIC,Alabama Department of Environmental Management,AL03150202-0404-110,Sixmile Creek,15001700105179,2024,20565
158691180,04,AL,State,21AWIC,Alabama Department of Environmental Management,AL03150202-0404-110,Sixmile Creek,15001700106101,2024,20565
158691181,04,AL,State,21AWIC,Alabama Department of Environmental Management,AL03150202-0404-110,Sixmile Creek,15001700106492,2024,20565
158691182,04,AL,State,21AWIC,Alabama Department of Environmental Management,AL03150202-0404-110,Sixmile Creek,15001700106760,2024,20565
158691183,04,AL,State,21AWIC,Alabama Department of Environmental Management,AL03150202-0404-110,Sixmile Creek,15001700106761,2024,20565
158691184,04,AL,State,21AWIC,Alabama Department of Environmental Management,AL03150202-0404-110,Sixmile Creek,15001700107000,2024,20565
158691185,04,AL,State,21AWIC,Alabama Department of Environmental Management,AL03150202-0404-110,Sixmile Creek,15001700125579,2024,20565
158691186,04,AL,State,21AWIC,Alabama Department of Environmental Management,AL03150202-0404-110,Sixmile Creek,15001700125661,2024,20565
158691187,04,AL,State,21AWIC,Alabama Department of Environmental Management,AL03150202-0404-110,Sixmile Creek,15001700125784,2024,20565
158691188,04,AL,State,21AWIC,Alabama Department of Environmental Management,AL03150202-0404-110,Sixmile Creek,15001700125786,2024,20565
158691189,04,AL,State,21AWIC,Alabama Department of Environmental Management,AL03150202-0404-110,Sixmile Creek,15001700126004,2024,20565
158691190,04,AL,State,21AWIC,Alabama Department of Environmental Management,AL03150202-0404-110,Sixmile Creek,15001700126005,2024,20565
158691191,04,AL,State,21AWIC,Alabama Department of Environmental Management,AL03150202-0404-110,Sixmile Creek,15001700126212,2024,20565
158691192,04,AL,State,21AWIC,Alabama Department of Environmental Management,AL03150202-0404-110,Sixmile Creek,15001700126464,2024,20565
158691193,04,AL,State,21AWIC,Alabama Department of Environmental Management,AL03150202-0404-110,Sixmile Creek,15001700126699,2024,20565
158691194,04,AL,State,21AWIC,Alabama Department of Environmental Management,AL03150202-0404-110,Sixmile Creek,15001700126924,2024,20565
158691195,04,AL,State,21AWIC,Alabama Department of Environmental Management,AL03150202-0404-110,Sixmile Creek,15001700146072,2024,20565
158691196,04,AL,State,21AWIC,Alabama Department of Environmental Management,AL03150202-0404-110,Sixmile Creek,15001700146277,2024,20565
158691197,04,AL,State,21AWIC,Alabama Department of Environmental Management,AL03150202-0404-110,Sixmile Creek,15001700146485,2024,20565
158691198,04,AL,State,21AWIC,Alabama Department of Environmental Management,AL03150202-0404-110,Sixmile Creek,15001700147357,2024,20565
158691199,04,AL,State,21AWIC,Alabama Department of Environmental Management,AL03150202-0404-110,Sixmile Creek,15001700147358,2024,20565
158691200,04,AL,State,21AWIC,Alabama Department of Environmental Management,AL03150202-0404-110,Sixmile Creek,15001700147553,2024,20565
158691201,04,AL,State,21AWIC,Alabama Department of Environmental Management,AL03150202-0404-110,Sixmile Creek,15001700148088,2024,20565
158691202,04,AL,State,21AWIC,Alabama Department of Environmental Management,AL03150202-0404-110,Sixmile Creek,15001700004734,2024,20565
158691203,04,AL,State,21AWIC,Alabama Department of Environmental Management,AL03150202-0404-110,Sixmile Creek,15001700004734,2024,20565
158691204,04,AL,State,21AWIC,Alabama Department of Environmental Management,AL03150202-0404-110,Sixmile Creek,15001700002853,2024,20565
158691205,04,AL,State,21AWIC,Alabama Department of Environmental Management,AL03150202-0404-110,Sixmile Creek,15001700002939,2024,20565
158691206,04,AL,State,21AWIC,Alabama Department of Environmental Management,AL03150202-0404-110,Sixmile Creek,15001700002940,2024,20565
158691207,04,AL,State,21AWIC,Alabama Department of Environmental Management,AL03150202-0404-110,Sixmile Creek,15001700002941,2024,20565
158691208,04,AL,State,21AWIC,Alabama Department of Environmental Management,AL03150202-0404-110,Sixmile Creek,15001700003077,2024,20565
158691209,04,AL,State,21AWIC,Alabama Department of Environmental Management,AL03150202-0404-110,Sixmile Creek,15001700004732,2024,20565
158691210,04,AL,State,21AWIC,Alabama Department of Environmental Management,AL03150202-0404-110,Sixmile Creek,15001700004733,2024,20565
158691211,04,AL,State,21AWIC,Alabama Department of Environmental Management,AL03150202-0404-110,Sixmile Creek,15001700004737,2024,20565
158691212,04,AL,State,21AWIC,Alabama Department of Environmental Management,AL03150202-0404-110,Sixmile Creek,15001700004738,2024,20565
158691213,04,AL,State,21AWIC,Alabama Department of Environmental Management,AL03150202-0404-110,Sixmile Creek,15001700004988,2024,20565
158691214,04,AL,State,21AWIC,Alabama Department of Environmental Management,AL03150202-0404-110,Sixmile Creek,15001700004989,2024,20565
158691215,04,AL,State,21AWIC,Alabama Department of Environmental Management,AL03150202-0404-110,Sixmile Creek,15001700005263,2024,20565
158691216,04,AL,State,21AWIC,Alabama Department of Environmental Management,AL03150202-0404-110,Sixmile Creek,15001700023241,2024,20565
158691217,04,AL,State,21AWIC,Alabama Department of Environmental Management,AL03150202-0404-110,Sixmile Creek,15001700023465,2024,20565
158691218,04,AL,State,21AWIC,Alabama Department of Environmental Management,AL03150202-0404-110,Sixmile Creek,15001700023703,2024,20565
158691219,04,AL,State,21AWIC,Alabama Department of Environmental Management,AL03150202-0404-110,Sixmile Creek,15001700023904,2024,20565
158691220,04,AL,State,21AWIC,Alabama Department of Environmental Management,AL03150202-0404-110,Sixmile Creek,15001700024143,2024,20565
158691221,04,AL,State,21AWIC,Alabama Department of Environmental Management,AL03150202-0404-110,Sixmile Creek,15001700024366,2024,20565
158691222,04,AL,State,21AWIC,Alabama Department of Environmental Management,AL03150202-0404-110,Sixmile Creek,15001700025060,2024,20565
158691223,04,AL,State,21AWIC,Alabama Department of Environmental Management,AL03150202-0404-110,Sixmile Creek,15001700025061,2024,20565
158691224,04,AL,State,21AWIC,Alabama Department of Environmental Management,AL03150202-0404-110,Sixmile Creek,15001700025308,2024,20565
158691225,04,AL,State,21AWIC,Alabama Department of Environmental Management,AL03150202-0404-110,Sixmile Creek,15001700043622,2024,20565
158691226,04,AL,State,21AWIC,Alabama Department of Environmental Management,AL03150202-0404-110,Sixmile Creek,15001700043708,2024,20565
158691227,04,AL,State,21AWIC,Alabama Department of Environmental Management,AL03150202-0404-110,Sixmile Creek,15001700044089,2024,20565
158691228,04,AL,State,21AWIC,Alabama Department of Environmental Management,AL03150202-0404-110,Sixmile Creek,15001700044090,2024,20565
158691229,04,AL,State,21AWIC,Alabama Department of Environmental Management,AL03150202-0404-110,Sixmile Creek,15001700044095,2024,20565
158691230,04,AL,State,21AWIC,Alabama Department of Environmental Management,AL03150202-0404-110,Sixmile Creek,15001700044295,2024,20565
158691231,04,AL,State,21AWIC,Alabama Department of Environmental Management,AL03150202-0404-110,Sixmile Creek,15001700044926,2024,20565
158691232,04,AL,State,21AWIC,Alabama Department of Environmental Management,AL03150202-0404-110,Sixmile Creek,15001700044927,2024,20565
158691233,04,AL,State,21AWIC,Alabama Department of Environmental Management,AL03150202-0404-110,Sixmile Creek,15001700045170,2024,20565
158691234,04,AL,State,21AWIC,Alabama Department of Environmental Management,AL03150202-0404-110,Sixmile Creek,15001700045171,2024,20565
158691235,04,AL,State,21AWIC,Alabama Department of Environmental Management,AL03150202-0404-110,Sixmile Creek,15001700064018,2024,20565
158691236,04,AL,State,21AWIC,Alabama Department of Environmental Management,AL03150202-0404-110,Sixmile Creek,15001700064371,2024,20565
158691237,04,AL,State,21AWIC,Alabama Department of Environmental Management,AL03150202-0404-110,Sixmile Creek,15001700064372,2024,20565
158691238,04,AL,State,21AWIC,Alabama Department of Environmental Management,AL03150202-0404-110,Sixmile Creek,15001700064373,2024,20565
158691239,04,AL,State,21AWIC,Alabama Department of Environmental Management,AL03150202-0404-110,Sixmile Creek,15001700064374,2024,20565
158691240,04,AL,State,21AWIC,Alabama Department of Environmental Management,AL03150202-0404-110,Sixmile Creek,15001700065026,2024,20565
158691241,04,AL,State,21AWIC,Alabama Department of Environmental Management,AL03150202-0404-110,Sixmile Creek,15001700065027,2024,20565
158691242,04,AL,State,21AWIC,Alabama Department of Environmental Management,AL03150202-0404-110,Sixmile Creek,15001700065466,2024,20565
158691243,04,AL,State,21AWIC,Alabama Department of Environmental Management,AL03150202-0404-110,Sixmile Creek,15001700065981,2024,20565
158691244,04,AL,State,21AWIC,Alabama Department of Environmental Management,AL03150202-0404-110,Sixmile Creek,15001700084612,2024,20565
158691245,04,AL,State,21AWIC,Alabama Department of Environmental Management,AL03150202-0404-110,Sixmile Creek,15001700084750,2024,20565
158691246,04,AL,State,21AWIC,Alabama Department of Environmental Management,AL03150202-0404-110,Sixmile Creek,15001700084751,2024,20565
158691247,04,AL,State,21AWIC,Alabama Department of Environmental Management,AL03150202-0404-110,Sixmile Creek,15001700084981,2024,20565
158691248,04,AL,State,21AWIC,Alabama Department of Environmental Management,AL03150202-0404-110,Sixmile Creek,15001700085198,2024,20565
158691249,04,AL,State,21AWIC,Alabama Department of Environmental Management,AL03150202-0404-110,Sixmile Creek,15001700086348,2024,20565
158691250,04,AL,State,21AWIC,Alabama Department of Environmental Management,AL03150202-0404-110,Sixmile Creek,15001700086583,2024,20565
158691251,04,AL,State,21AWIC,Alabama Department of Environmental Management,AL03150202-0404-110,Sixmile Creek,15001700086817,2024,20565
158691252,04,AL,State,21AWIC,Alabama Department of Environmental Management,AL03150202-0404-110,Sixmile Creek,15001700105178,2024,20565
158691253,04,AL,State,21AWIC,Alabama Department of Environmental Management,AL03150202-0404-110,Sixmile Creek,15001700105179,2024,20565
158691254,04,AL,State,21AWIC,Alabama Department of Environmental Management,AL03150202-0404-110,Sixmile Creek,15001700106101,2024,20565
158691255,04,AL,State,21AWIC,Alabama Department of Environmental Management,AL03150202-0404-110,Sixmile Creek,15001700106492,2024,20565
158691256,04,AL,State,21AWIC,Alabama Department of Environmental Management,AL03150202-0404-110,Sixmile Creek,15001700106760,2024,20565
158691257,04,AL,State,21AWIC,Alabama Department of Environmental Management,AL03150202-0404-110,Sixmile Creek,15001700106761,2024,20565
158691258,04,AL,State,21AWIC,Alabama Department of Environmental Management,AL03150202-0404-110,Sixmile Creek,15001700107000,2024,20565
158691259,04,AL,State,21AWIC,Alabama Department of Environmental Management,AL03150202-0404-110,Sixmile Creek,15001700125579,2024,20565
158691260,04,AL,State,21AWIC,Alabama Department of Environmental Management,AL03150202-0404-110,Sixmile Creek,15001700125661,2024,20565
158691261,04,AL,State,21AWIC,Alabama Department of Environmental Management,AL03150202-0404-110,Sixmile Creek,15001700125784,2024,20565
158691262,04,AL,State,21AWIC,Alabama Department of Environmental Management,AL03150202-0404-110,Sixmile Creek,15001700125786,2024,20565
158691263,04,AL,State,21AWIC,Alabama Department of Environmental Management,AL03150202-0404-110,Sixmile Creek,15001700126004,2024,20565
158691264,04,AL,State,21AWIC,Alabama Department of Environmental Management,AL03150202-0404-110,Sixmile Creek,15001700126005,2024,20565
158691265,04,AL,State,21AWIC,Alabama Department of Environmental Management,AL03150202-0404-110,Sixmile Creek,15001700126212,2024,20565
158691266,04,AL,State,21AWIC,Alabama Department of Environmental Management,AL03150202-0404-110,Sixmile Creek,15001700126464,2024,20565
158691267,04,AL,State,21AWIC,Alabama Department of Environmental Management,AL03150202-0404-110,Sixmile Creek,15001700126699,2024,20565
158691268,04,AL,State,21AWIC,Alabama Department of Environmental Management,AL03150202-0404-110,Sixmile Creek,15001700126924,2024,20565
158691269,04,AL,State,21AWIC,Alabama Department of Environmental Management,AL03150202-0404-110,Sixmile Creek,15001700146072,2024,20565
158691270,04,AL,State,21AWIC,Alabama Department of Environmental Management,AL03150202-0404-110,Sixmile Creek,15001700146277,2024,20565
158691271,04,AL,State,21AWIC,Alabama Department of Environmental Management,AL03150202-0404-110,Sixmile Creek,15001700146485,2024,20565
158691272,04,AL,State,21AWIC,Alabama Department of Environmental Management,AL03150202-0404-110,Sixmile Creek,15001700147357,2024,20565
158691273,04,AL,State,21AWIC,Alabama Department of Environmental Management,AL03150202-0404-110,Sixmile Creek,15001700147358,2024,20565
158691274,04,AL,State,21AWIC,Alabama Department of Environmental Management,AL03150202-0404-110,Sixmile Creek,15001700147553,2024,20565
158691275,04,AL,State,21AWIC,Alabama Department of Environmental Management,AL03150202-0404-110,Sixmile Creek,15001700148088,2024,20565
158691276,04,AL,State,21AWIC,Alabama Department of Environmental Management,AL03150202-0404-110,Sixmile Creek,15001700002853,2024,20565
158691277,04,AL,State,21AWIC,Alabama Department of Environmental Management,AL03150202-0404-110,Sixmile Creek,15001700002939,2024,20565
158691278,04,AL,State,21AWIC,Alabama Department of Environmental Management,AL03150202-0404-110,Sixmile Creek,15001700002940,2024,20565
158691279,04,AL,State,21AWIC,Alabama Department of Environmental Management,AL03150202-0404-110,Sixmile Creek,15001700002941,2024,20565
158691280,04,AL,State,21AWIC,Alabama Department of Environmental Management,AL03150202-0404-110,Sixmile Creek,15001700003077,2024,20565
158691281,04,AL,State,21AWIC,Alabama Department of Environmental Management,AL03150202-0404-110,Sixmile Creek,15001700004732,2024,20565
158691282,04,AL,State,21AWIC,Alabama Department of Environmental Management,AL03150202-0404-110,Sixmile Creek,15001700004733,2024,20565
158691283,04,AL,State,21AWIC,Alabama Department of Environmental Management,AL03150202-0404-110,Sixmile Creek,15001700004737,2024,20565
158691284,04,AL,State,21AWIC,Alabama Department of Environmental Management,AL03150202-0404-110,Sixmile Creek,15001700004738,2024,20565
158691285,04,AL,State,21AWIC,Alabama Department of Environmental Management,AL03150202-0404-110,Sixmile Creek,15001700004988,2024,20565
158691286,04,AL,State,21AWIC,Alabama Department of Environmental Management,AL03150202-0404-110,Sixmile Creek,15001700004989,2024,20565
158691287,04,AL,State,21AWIC,Alabama Department of Environmental Management,AL03150202-0404-110,Sixmile Creek,15001700005263,2024,20565
158691288,04,AL,State,21AWIC,Alabama Department of Environmental Management,AL03150202-0404-110,Sixmile Creek,15001700023241,2024,20565
158691289,04,AL,State,21AWIC,Alabama Department of Environmental Management,AL03150202-0404-110,Sixmile Creek,15001700023465,2024,20565
158691290,04,AL,State,21AWIC,Alabama Department of Environmental Management,AL03150202-0404-110,Sixmile Creek,15001700023703,2024,20565
158691291,04,AL,State,21AWIC,Alabama Department of Environmental Management,AL03150202-0404-110,Sixmile Creek,15001700023904,2024,20565
158691292,04,AL,State,21AWIC,Alabama Department of Environmental Management,AL03150202-0404-110,Sixmile Creek,15001700024143,2024,20565
158691293,04,AL,State,21AWIC,Alabama Department of Environmental Management,AL03150202-0404-110,Sixmile Creek,15001700024366,2024,20565
158691294,04,AL,State,21AWIC,Alabama Department of Environmental Management,AL03150202-0404-110,Sixmile Creek,15001700025060,2024,20565
158691295,04,AL,State,21AWIC,Alabama Department of Environmental Management,AL03150202-0404-110,Sixmile Creek,15001700025061,2024,20565
158691296,04,AL,State,21AWIC,Alabama Department of Environmental Management,AL03150202-0404-110,Sixmile Creek,15001700025308,2024,20565
158691297,04,AL,State,21AWIC,Alabama Department of Environmental Management,AL03150202-0404-110,Sixmile Creek,15001700043622,2024,20565
158691298,04,AL,State,21AWIC,Alabama Department of Environmental Management,AL03150202-0404-110,Sixmile Creek,15001700043708,2024,20565
158691299,04,AL,State,21AWIC,Alabama Department of Environmental Management,AL03150202-0404-110,Sixmile Creek,15001700044089,2024,20565
158691300,04,AL,State,21AWIC,Alabama Department of Environmental Management,AL03150202-0404-110,Sixmile Creek,15001700044090,2024,20565
158691301,04,AL,State,21AWIC,Alabama Department of Environmental Management,AL03150202-0404-110,Sixmile Creek,15001700044095,2024,20565
158691302,04,AL,State,21AWIC,Alabama Department of Environmental Management,AL03150202-0404-110,Sixmile Creek,15001700044295,2024,20565
158691303,04,AL,State,21AWIC,Alabama Department of Environmental Management,AL03150202-0404-110,Sixmile Creek,15001700044926,2024,20565
158691304,04,AL,State,21AWIC,Alabama Department of Environmental Management,AL03150202-0404-110,Sixmile Creek,15001700044927,2024,20565
158691305,04,AL,State,21AWIC,Alabama Department of Environmental Management,AL03150202-0404-110,Sixmile Creek,15001700045170,2024,20565
158691306,04,AL,State,21AWIC,Alabama Department of Environmental Management,AL03150202-0404-110,Sixmile Creek,15001700045171,2024,20565
158691307,04,AL,State,21AWIC,Alabama Department of Environmental Management,AL03150202-0404-110,Sixmile Creek,15001700064018,2024,20565
158691308,04,AL,State,21AWIC,Alabama Department of Environmental Management,AL03150202-0404-110,Sixmile Creek,15001700064371,2024,20565
158691309,04,AL,State,21AWIC,Alabama Department of Environmental Management,AL03150202-0404-110,Sixmile Creek,15001700064372,2024,20565
158691310,04,AL,State,21AWIC,Alabama Department of Environmental Management,AL03150202-0404-110,Sixmile Creek,15001700064373,2024,20565
158691311,04,AL,State,21AWIC,Alabama Department of Environmental Management,AL03150202-0404-110,Sixmile Creek,15001700064374,2024,20565
158691312,04,AL,State,21AWIC,Alabama Department of Environmental Management,AL03150202-0404-110,Sixmile Creek,15001700065026,2024,20565
158691313,04,AL,State,21AWIC,Alabama Department of Environmental Management,AL03150202-0404-110,Sixmile Creek,15001700065027,2024,20565
158691314,04,AL,State,21AWIC,Alabama Department of Environmental Management,AL03150202-0404-110,Sixmile Creek,15001700065466,2024,20565
158691315,04,AL,State,21AWIC,Alabama Department of Environmental Management,AL03150202-0404-110,Sixmile Creek,15001700065981,2024,20565
158691316,04,AL,State,21AWIC,Alabama Department of Environmental Management,AL03150202-0404-110,Sixmile Creek,15001700084612,2024,20565
158691317,04,AL,State,21AWIC,Alabama Department of Environmental Management,AL03150202-0404-110,Sixmile Creek,15001700084750,2024,20565
158691318,04,AL,State,21AWIC,Alabama Department of Environmental Management,AL03150202-0404-110,Sixmile Creek,15001700084751,2024,20565
158691319,04,AL,State,21AWIC,Alabama Department of Environmental Management,AL03150202-0404-110,Sixmile Creek,15001700084981,2024,20565
158691320,04,AL,State,21AWIC,Alabama Department of Environmental Management,AL03150202-0404-110,Sixmile Creek,15001700085198,2024,20565
158691321,04,AL,State,21AWIC,Alabama Department of Environmental Management,AL03150202-0404-110,Sixmile Creek,15001700086348,2024,20565
158691322,04,AL,State,21AWIC,Alabama Department of Environmental Management,AL03150202-0404-110,Sixmile Creek,15001700086583,2024,20565
158691323,04,AL,State,21AWIC,Alabama Department of Environmental Management,AL03150202-0404-110,Sixmile Creek,15001700086817,2024,20565
158691324,04,AL,State,21AWIC,Alabama Department of Environmental Management,AL03150202-0404-110,Sixmile Creek,15001700105178,2024,20565
158691325,04,AL,State,21AWIC,Alabama Department of Environmental Management,AL03150202-0404-110,Sixmile Creek,15001700105179,2024,20565
158691326,04,AL,State,21AWIC,Alabama Department of Environmental Management,AL03150202-0404-110,Sixmile Creek,15001700106101,2024,20565
158691327,04,AL,State,21AWIC,Alabama Department of Environmental Management,AL03150202-0404-110,Sixmile Creek,15001700106492,2024,20565
158691328,04,AL,State,21AWIC,Alabama Department of Environmental Management,AL03150202-0404-110,Sixmile Creek,15001700106760,2024,20565
158691329,04,AL,State,21AWIC,Alabama Department of Environmental Management,AL03150202-0404-110,Sixmile Creek,15001700106761,2024,20565
158691330,04,AL,State,21AWIC,Alabama Department of Environmental Management,AL03150202-0404-110,Sixmile Creek,15001700107000,2024,20565
158691331,04,AL,State,21AWIC,Alabama Department of Environmental Management,AL03150202-0404-110,Sixmile Creek,15001700125579,2024,20565
158691332,04,AL,State,21AWIC,Alabama Department of Environmental Management,AL03150202-0404-110,Sixmile Creek,15001700125661,2024,20565
158691333,04,AL,State,21AWIC,Alabama Department of Environmental Management,AL03150202-0404-110,Sixmile Creek,15001700125784,2024,20565
158691334,04,AL,State,21AWIC,Alabama Department of Environmental Management,AL03150202-0404-110,Sixmile Creek,15001700125786,2024,20565
158691335,04,AL,State,21AWIC,Alabama Department of Environmental Management,AL03150202-0404-110,Sixmile Creek,15001700126004,2024,20565
158691336,04,AL,State,21AWIC,Alabama Department of Environmental Management,AL03150202-0404-110,Sixmile Creek,15001700126005,2024,20565
158691337,04,AL,State,21AWIC,Alabama Department of Environmental Management,AL03150202-0404-110,Sixmile Creek,15001700126212,2024,20565
158691338,04,AL,State,21AWIC,Alabama Department of Environmental Management,AL03150202-0404-110,Sixmile Creek,15001700126464,2024,20565
158691339,04,AL,State,21AWIC,Alabama Department of Environmental Management,AL03150202-0404-110,Sixmile Creek,15001700126699,2024,20565
158691340,04,AL,State,21AWIC,Alabama Department of Environmental Management,AL03150202-0404-110,Sixmile Creek,15001700126924,2024,20565
158691341,04,AL,State,21AWIC,Alabama Department of Environmental Management,AL03150202-0404-110,Sixmile Creek,15001700146072,2024,20565
158691342,04,AL,State,21AWIC,Alabama Department of Environmental Management,AL03150202-0404-110,Sixmile Creek,15001700146277,2024,20565
158691343,04,AL,State,21AWIC,Alabama Department of Environmental Management,AL03150202-0404-110,Sixmile Creek,15001700146485,2024,20565
158691344,04,AL,State,21AWIC,Alabama Department of Environmental Management,AL03150202-0404-110,Sixmile Creek,15001700147357,2024,20565
158691345,04,AL,State,21AWIC,Alabama Department of Environmental Management,AL03150202-0404-110,Sixmile Creek,15001700147358,2024,20565
158691346,04,AL,State,21AWIC,Alabama Department of Environmental Management,AL03150202-0404-110,Sixmile Creek,15001700147553,2024,20565
158691347,04,AL,State,21AWIC,Alabama Department of Environmental Management,AL03150202-0404-110,Sixmile Creek,15001700148088,2024,20565
158691348,04,AL,State,21AWIC,Alabama Department of Environmental Management,AL03150202-0404-110,Sixmile Creek,15001700002853,2024,20565
158691349,04,AL,State,21AWIC,Alabama Department of Environmental Management,AL03150202-0404-110,Sixmile Creek,15001700002939,2024,20565
158691350,04,AL,State,21AWIC,Alabama Department of Environmental Management,AL03150202-0404-110,Sixmile Creek,15001700002940,2024,20565
158691351,04,AL,State,21AWIC,Alabama Department of Environmental Management,AL03150202-0404-110,Sixmile Creek,15001700002941,2024,20565
158691352,04,AL,State,21AWIC,Alabama Department of Environmental Management,AL03150202-0404-110,Sixmile Creek,15001700003077,2024,20565
158691353,04,AL,State,21AWIC,Alabama Department of Environmental Management,AL03150202-0404-110,Sixmile Creek,15001700004732,2024,20565
158691354,04,AL,State,21AWIC,Alabama Department of Environmental Management,AL03150202-0404-110,Sixmile Creek,15001700004733,2024,20565
158691355,04,AL,State,21AWIC,Alabama Department of Environmental Management,AL03150202-0404-110,Sixmile Creek,15001700004737,2024,20565
158691356,04,AL,State,21AWIC,Alabama Department of Environmental Management,AL03150202-0404-110,Sixmile Creek,15001700004738,2024,20565
158691357,04,AL,State,21AWIC,Alabama Department of Environmental Management,AL03150202-0404-110,Sixmile Creek,15001700004988,2024,20565
158691358,04,AL,State,21AWIC,Alabama Department of Environmental Management,AL03150202-0404-110,Sixmile Creek,15001700004989,2024,20565
158691359,04,AL,State,21AWIC,Alabama Department of Environmental Management,AL03150202-0404-110,Sixmile Creek,15001700005263,2024,20565
158691360,04,AL,State,21AWIC,Alabama Department of Environmental Management,AL03150202-0404-110,Sixmile Creek,15001700023241,2024,20565
158691361,04,AL,State,21AWIC,Alabama Department of Environmental Management,AL03150202-0404-110,Sixmile Creek,15001700023465,2024,20565
158691362,04,AL,State,21AWIC,Alabama Department of Environmental Management,AL03150202-0404-110,Sixmile Creek,15001700023703,2024,20565
158691363,04,AL,State,21AWIC,Alabama Department of Environmental Management,AL03150202-0404-110,Sixmile Creek,15001700023904,2024,20565
158691364,04,AL,State,21AWIC,Alabama Department of Environmental Management,AL03150202-0404-110,Sixmile Creek,15001700024143,2024,20565
158691365,04,AL,State,21AWIC,Alabama Department of Environmental Management,AL03150202-0404-110,Sixmile Creek,15001700024366,2024,20565
158691366,04,AL,State,21AWIC,Alabama Department of Environmental Management,AL03150202-0404-110,Sixmile Creek,15001700025060,2024,20565
158691367,04,AL,State,21AWIC,Alabama Department of Environmental Management,AL03150202-0404-110,Sixmile Creek,15001700025061,2024,20565
158691368,04,AL,State,21AWIC,Alabama Department of Environmental Management,AL03150202-0404-110,Sixmile Creek,15001700025308,2024,20565
158691369,04,AL,State,21AWIC,Alabama Department of Environmental Management,AL03150202-0404-110,Sixmile Creek,15001700043622,2024,20565
158691370,04,AL,State,21AWIC,Alabama Department of Environmental Management,AL03150202-0404-110,Sixmile Creek,15001700043708,2024,20565
158691371,04,AL,State,21AWIC,Alabama Department of Environmental Management,AL03150202-0404-110,Sixmile Creek,15001700044089,2024,20565
158691372,04,AL,State,21AWIC,Alabama Department of Environmental Management,AL03150202-0404-110,Sixmile Creek,15001700044090,2024,20565
158691373,04,AL,State,21AWIC,Alabama Department of Environmental Management,AL03150202-0404-110,Sixmile Creek,15001700044095,2024,20565
158691374,04,AL,State,21AWIC,Alabama Department of Environmental Management,AL03150202-0404-110,Sixmile Creek,15001700044295,2024,20565
158691375,04,AL,State,21AWIC,Alabama Department of Environmental Management,AL03150202-0404-110,Sixmile Creek,15001700044926,2024,20565
158691376,04,AL,State,21AWIC,Alabama Department of Environmental Management,AL03150202-0404-110,Sixmile Creek,15001700044927,2024,20565
158691377,04,AL,State,21AWIC,Alabama Department of Environmental Management,AL03150202-0404-110,Sixmile Creek,15001700045170,2024,20565
158691378,04,AL,State,21AWIC,Alabama Department of Environmental Management,AL03150202-0404-110,Sixmile Creek,15001700045171,2024,20565
158691379,04,AL,State,21AWIC,Alabama Department of Environmental Management,AL03150202-0404-110,Sixmile Creek,15001700064018,2024,20565
158691380,04,AL,State,21AWIC,Alabama Department of Environmental Management,AL03150202-0404-110,Sixmile Creek,15001700064371,2024,20565
158691381,04,AL,State,21AWIC,Alabama Department of Environmental Management,AL03150202-0404-110,Sixmile Creek,15001700064372,2024,20565
158691382,04,AL,State,21AWIC,Alabama Department of Environmental Management,AL03150202-0404-110,Sixmile Creek,15001700064373,2024,20565
158691383,04,AL,State,21AWIC,Alabama Department of Environmental Management,AL03150202-0404-110,Sixmile Creek,15001700064374,2024,20565
158691384,04,AL,State,21AWIC,Alabama Department of Environmental Management,AL03150202-0404-110,Sixmile Creek,15001700065026,2024,20565
158691385,04,AL,State,21AWIC,Alabama Department of Environmental Management,AL03150202-0404-110,Sixmile Creek,15001700065027,2024,20565
158691386,04,AL,State,21AWIC,Alabama Department of Environmental Management,AL03150202-0404-110,Sixmile Creek,15001700065466,2024,20565
158691387,04,AL,State,21AWIC,Alabama Department of Environmental Management,AL03150202-0404-110,Sixmile Creek,15001700065981,2024,20565
158691388,04,AL,State,21AWIC,Alabama Department of Environmental Management,AL03150202-0404-110,Sixmile Creek,15001700084612,2024,20565
158691389,04,AL,State,21AWIC,Alabama Department of Environmental Management,AL03150202-0404-110,Sixmile Creek,15001700084750,2024,20565
158691390,04,AL,State,21AWIC,Alabama Department of Environmental Management,AL03150202-0404-110,Sixmile Creek,15001700084751,2024,20565
158691391,04,AL,State,21AWIC,Alabama Department of Environmental Management,AL03150202-0404-110,Sixmile Creek,15001700084981,2024,20565
158691392,04,AL,State,21AWIC,Alabama Department of Environmental Management,AL03150202-0404-110,Sixmile Creek,15001700085198,2024,20565
158691393,04,AL,State,21AWIC,Alabama Department of Environmental Management,AL03150202-0404-110,Sixmile Creek,15001700086348,2024,20565
158691394,04,AL,State,21AWIC,Alabama Department of Environmental Management,AL03150202-0404-110,Sixmile Creek,15001700086583,2024,20565
158691395,04,AL,State,21AWIC,Alabama Department of Environmental Management,AL03150202-0404-110,Sixmile Creek,15001700086817,2024,20565
158691396,04,AL,State,21AWIC,Alabama Department of Environmental Management,AL03150202-0404-110,Sixmile Creek,15001700105178,2024,20565
158691397,04,AL,State,21AWIC,Alabama Department of Environmental Management,AL03150202-0404-110,Sixmile Creek,15001700105179,2024,20565
158691398,04,AL,State,21AWIC,Alabama Department of Environmental Management,AL03150202-0404-110,Sixmile Creek,15001700106101,2024,20565
158691399,04,AL,State,21AWIC,Alabama Department of Environmental Management,AL03150202-0404-110,Sixmile Creek,15001700106492,2024,20565
158691400,04,AL,State,21AWIC,Alabama Department of Environmental Management,AL03150202-0404-110,Sixmile Creek,15001700106760,2024,20565
158691401,04,AL,State,21AWIC,Alabama Department of Environmental Management,AL03150202-0404-110,Sixmile Creek,15001700106761,2024,20565
158691402,04,AL,State,21AWIC,Alabama Department of Environmental Management,AL03150202-0404-110,Sixmile Creek,15001700107000,2024,20565
158691403,04,AL,State,21AWIC,Alabama Department of Environmental Management,AL03150202-0404-110,Sixmile Creek,15001700125579,2024,20565
158691404,04,AL,State,21AWIC,Alabama Department of Environmental Management,AL03150202-0404-110,Sixmile Creek,15001700125661,2024,20565
158691405,04,AL,State,21AWIC,Alabama Department of Environmental Management,AL03150202-0404-110,Sixmile Creek,15001700125784,2024,20565
158691406,04,AL,State,21AWIC,Alabama Department of Environmental Management,AL03150202-0404-110,Sixmile Creek,15001700125786,2024,20565
158691407,04,AL,State,21AWIC,Alabama Department of Environmental Management,AL03150202-0404-110,Sixmile Creek,15001700126004,2024,20565
158691408,04,AL,State,21AWIC,Alabama Department of Environmental Management,AL03150202-0404-110,Sixmile Creek,15001700126005,2024,20565
158691409,04,AL,State,21AWIC,Alabama Department of Environmental Management,AL03150202-0404-110,Sixmile Creek,15001700126212,2024,20565
158691410,04,AL,State,21AWIC,Alabama Department of Environmental Management,AL03150202-0404-110,Sixmile Creek,15001700126464,2024,20565
158691411,04,AL,State,21AWIC,Alabama Department of Environmental Management,AL03150202-0404-110,Sixmile Creek,15001700126699,2024,20565
158691412,04,AL,State,21AWIC,Alabama Department of Environmental Management,AL03150202-0404-110,Sixmile Creek,15001700126924,2024,20565
158691413,04,AL,State,21AWIC,Alabama Department of Environmental Management,AL03150202-0404-110,Sixmile Creek,15001700146072,2024,20565
158691414,04,AL,State,21AWIC,Alabama Department of Environmental Management,AL03150202-0404-110,Sixmile Creek,15001700146277,2024,20565
158691415,04,AL,State,21AWIC,Alabama Department of Environmental Management,AL03150202-0404-110,Sixmile Creek,15001700146485,2024,20565
158691416,04,AL,State,21AWIC,Alabama Department of Environmental Management,AL03150202-0404-110,Sixmile Creek,15001700147357,2024,20565
158691417,04,AL,State,21AWIC,Alabama Department of Environmental Management,AL03150202-0404-110,Sixmile Creek,15001700147358,2024,20565
158691418,04,AL,State,21AWIC,Alabama Department of Environmental Management,AL03150202-0404-110,Sixmile Creek,15001700147553,2024,20565
158691419,04,AL,State,21AWIC,Alabama Department of Environmental Management,AL03150202-0404-110,Sixmile Creek,15001700148088,2024,20565
158691420,04,AL,State,21AWIC,Alabama Department of Environmental Management,AL03150202-0404-110,Sixmile Creek,15001700002853,2024,20565
158691421,04,AL,State,21AWIC,Alabama Department of Environmental Management,AL03150202-0404-110,Sixmile Creek,15001700002939,2024,20565
158691422,04,AL,State,21AWIC,Alabama Department of Environmental Management,AL03150202-0404-110,Sixmile Creek,15001700002940,2024,20565
158691423,04,AL,State,21AWIC,Alabama Department of Environmental Management,AL03150202-0404-110,Sixmile Creek,15001700002941,2024,20565
158691424,04,AL,State,21AWIC,Alabama Department of Environmental Management,AL03150202-0404-110,Sixmile Creek,15001700003077,2024,20565
158691425,04,AL,State,21AWIC,Alabama Department of Environmental Management,AL03150202-0404-110,Sixmile Creek,15001700004732,2024,20565
158691426,04,AL,State,21AWIC,Alabama Department of Environmental Management,AL03150202-0404-110,Sixmile Creek,15001700004733,2024,20565
158691427,04,AL,State,21AWIC,Alabama Department of Environmental Management,AL03150202-0404-110,Sixmile Creek,15001700004737,2024,20565
158691428,04,AL,State,21AWIC,Alabama Department of Environmental Management,AL03150202-0404-110,Sixmile Creek,15001700004738,2024,20565
158691429,04,AL,State,21AWIC,Alabama Department of Environmental Management,AL03150202-0404-110,Sixmile Creek,15001700004988,2024,20565
158691430,04,AL,State,21AWIC,Alabama Department of Environmental Management,AL03150202-0404-110,Sixmile Creek,15001700004989,2024,20565
158691431,04,AL,State,21AWIC,Alabama Department of Environmental Management,AL03150202-0404-110,Sixmile Creek,15001700005263,2024,20565
158691432,04,AL,State,21AWIC,Alabama Department of Environmental Management,AL03150202-0404-110,Sixmile Creek,15001700023241,2024,20565
158691433,04,AL,State,21AWIC,Alabama Department of Environmental Management,AL03150202-0404-110,Sixmile Creek,15001700023465,2024,20565
158691434,04,AL,State,21AWIC,Alabama Department of Environmental Management,AL03150202-0404-110,Sixmile Creek,15001700023703,2024,20565
158691435,04,AL,State,21AWIC,Alabama Department of Environmental Management,AL03150202-0404-110,Sixmile Creek,15001700023904,2024,20565
158691436,04,AL,State,21AWIC,Alabama Department of Environmental Management,AL03150202-0404-110,Sixmile Creek,15001700024143,2024,20565
158691437,04,AL,State,21AWIC,Alabama Department of Environmental Management,AL03150202-0404-110,Sixmile Creek,15001700024366,2024,20565
158691438,04,AL,State,21AWIC,Alabama Department of Environmental Management,AL03150202-0404-110,Sixmile Creek,15001700025060,2024,20565
158691439,04,AL,State,21AWIC,Alabama Department of Environmental Management,AL03150202-0404-110,Sixmile Creek,15001700025061,2024,20565
158691440,04,AL,State,21AWIC,Alabama Department of Environmental Management,AL03150202-0404-110,Sixmile Creek,15001700025308,2024,20565
158691441,04,AL,State,21AWIC,Alabama Department of Environmental Management,AL03150202-0404-110,Sixmile Creek,15001700043622,2024,20565
158691442,04,AL,State,21AWIC,Alabama Department of Environmental Management,AL03150202-0404-110,Sixmile Creek,15001700043708,2024,20565
158691443,04,AL,State,21AWIC,Alabama Department of Environmental Management,AL03150202-0404-110,Sixmile Creek,15001700044089,2024,20565
158691444,04,AL,State,21AWIC,Alabama Department of Environmental Management,AL03150202-0404-110,Sixmile Creek,15001700044090,2024,20565
158691445,04,AL,State,21AWIC,Alabama Department of Environmental Management,AL03150202-0404-110,Sixmile Creek,15001700044095,2024,20565
158691446,04,AL,State,21AWIC,Alabama Department of Environmental Management,AL03150202-0404-110,Sixmile Creek,15001700044295,2024,20565
158691447,04,AL,State,21AWIC,Alabama Department of Environmental Management,AL03150202-0404-110,Sixmile Creek,15001700044926,2024,20565
158691448,04,AL,State,21AWIC,Alabama Department of Environmental Management,AL03150202-0404-110,Sixmile Creek,15001700044927,2024,20565
158691449,04,AL,State,21AWIC,Alabama Department of Environmental Management,AL03150202-0404-110,Sixmile Creek,15001700045170,2024,20565
158691450,04,AL,State,21AWIC,Alabama Department of Environmental Management,AL03150202-0404-110,Sixmile Creek,15001700045171,2024,20565
158691451,04,AL,State,21AWIC,Alabama Department of Environmental Management,AL03150202-0404-110,Sixmile Creek,15001700064018,2024,20565
158691452,04,AL,State,21AWIC,Alabama Department of Environmental Management,AL03150202-0404-110,Sixmile Creek,15001700064371,2024,20565
158691453,04,AL,State,21AWIC,Alabama Department of Environmental Management,AL03150202-0404-110,Sixmile Creek,15001700064372,2024,20565
158691454,04,AL,State,21AWIC,Alabama Department of Environmental Management,AL03150202-0404-110,Sixmile Creek,15001700064373,2024,20565
158691455,04,AL,State,21AWIC,Alabama Department of Environmental Management,AL03150202-0404-110,Sixmile Creek,15001700064374,2024,20565
158691456,04,AL,State,21AWIC,Alabama Department of Environmental Management,AL03150202-0404-110,Sixmile Creek,15001700065026,2024,20565
158691457,04,AL,State,21AWIC,Alabama Department of Environmental Management,AL03150202-0404-110,Sixmile Creek,15001700065027,2024,20565
158691458,04,AL,State,21AWIC,Alabama Department of Environmental Management,AL03150202-0404-110,Sixmile Creek,15001700065466,2024,20565
158691459,04,AL,State,21AWIC,Alabama Department of Environmental Management,AL03150202-0404-110,Sixmile Creek,15001700065981,2024,20565
158691460,04,AL,State,21AWIC,Alabama Department of Environmental Management,AL03150202-0404-110,Sixmile Creek,15001700084612,2024,20565
158691461,04,AL,State,21AWIC,Alabama Department of Environmental Management,AL03150202-0404-110,Sixmile Creek,15001700084750,2024,20565
158691462,04,AL,State,21AWIC,Alabama Department of Environmental Management,AL03150202-0404-110,Sixmile Creek,15001700084751,2024,20565
158691463,04,AL,State,21AWIC,Alabama Department of Environmental Management,AL03150202-0404-110,Sixmile Creek,15001700084981,2024,20565
158691464,04,AL,State,21AWIC,Alabama Department of Environmental Management,AL03150202-0404-110,Sixmile Creek,15001700086817,2024,20565
158691465,04,AL,State,21AWIC,Alabama Department of Environmental Management,AL03150202-0404-110,Sixmile Creek,15001700085198,2024,20565
158691466,04,AL,State,21AWIC,Alabama Department of Environmental Management,AL03150202-0404-110,Sixmile Creek,15001700086348,2024,20565
158691467,04,AL,State,21AWIC,Alabama Department of Environmental Management,AL03150202-0404-110,Sixmile Creek,15001700086583,2024,20565
158691468,04,AL,State,21AWIC,Alabama Department of Environmental Management,AL03150202-0404-110,Sixmile Creek,15001700105178,2024,20565
158691469,04,AL,State,21AWIC,Alabama Department of Environmental Management,AL03150202-0404-110,Sixmile Creek,15001700105179,2024,20565
158691470,04,AL,State,21AWIC,Alabama Department of Environmental Management,AL03150202-0404-110,Sixmile Creek,15001700106101,2024,20565
158691471,04,AL,State,21AWIC,Alabama Department of Environmental Management,AL03150202-0404-110,Sixmile Creek,15001700106492,2024,20565
158691472,04,AL,State,21AWIC,Alabama Department of Environmental Management,AL03150202-0404-110,Sixmile Creek,15001700106760,2024,20565
158691473,04,AL,State,21AWIC,Alabama Department of Environmental Management,AL03150202-0404-110,Sixmile Creek,15001700106761,2024,20565
158691474,04,AL,State,21AWIC,Alabama Department of Environmental Management,AL03150202-0404-110,Sixmile Creek,15001700107000,2024,20565
158691475,04,AL,State,21AWIC,Alabama Department of Environmental Management,AL03150202-0404-110,Sixmile Creek,15001700125579,2024,20565
158691476,04,AL,State,21AWIC,Alabama Department of Environmental Management,AL03150202-0404-110,Sixmile Creek,15001700125661,2024,20565
158691477,04,AL,State,21AWIC,Alabama Department of Environmental Management,AL03150202-0404-110,Sixmile Creek,15001700125784,2024,20565
158691478,04,AL,State,21AWIC,Alabama Department of Environmental Management,AL03150202-0404-110,Sixmile Creek,15001700125786,2024,20565
158691479,04,AL,State,21AWIC,Alabama Department of Environmental Management,AL03150202-0404-110,Sixmile Creek,15001700126004,2024,20565
158691480,04,AL,State,21AWIC,Alabama Department of Environmental Management,AL03150202-0404-110,Sixmile Creek,15001700126005,2024,20565
158691481,04,AL,State,21AWIC,Alabama Department of Environmental Management,AL03150202-0404-110,Sixmile Creek,15001700126212,2024,20565
158691482,04,AL,State,21AWIC,Alabama Department of Environmental Management,AL03150202-0404-110,Sixmile Creek,15001700126464,2024,20565
158691483,04,AL,State,21AWIC,Alabama Department of Environmental Management,AL03150202-0404-110,Sixmile Creek,15001700126699,2024,20565
158691484,04,AL,State,21AWIC,Alabama Department of Environmental Management,AL03150202-0404-110,Sixmile Creek,15001700126924,2024,20565
158691485,04,AL,State,21AWIC,Alabama Department of Environmental Management,AL03150202-0404-110,Sixmile Creek,15001700146072,2024,20565
158691486,04,AL,State,21AWIC,Alabama Department of Environmental Management,AL03150202-0404-110,Sixmile Creek,15001700146277,2024,20565
158691487,04,AL,State,21AWIC,Alabama Department of Environmental Management,AL03150202-0404-110,Sixmile Creek,15001700146485,2024,20565
158691488,04,AL,State,21AWIC,Alabama Department of Environmental Management,AL03150202-0404-110,Sixmile Creek,15001700147357,2024,20565
158691489,04,AL,State,21AWIC,Alabama Department of Environmental Management,AL03150202-0404-110,Sixmile Creek,15001700147358,2024,20565
158691490,04,AL,State,21AWIC,Alabama Department of Environmental Management,AL03150202-0404-110,Sixmile Creek,15001700147553,2024,20565
158691491,04,AL,State,21AWIC,Alabama Department of Environmental Management,AL03150202-0404-110,Sixmile Creek,15001700148088,2024,20565
158691492,04,AL,State,21AWIC,Alabama Department of Environmental Management,AL03150202-0404-110,Sixmile Creek,15001700004734,2024,20565
158691493,04,AL,State,21AWIC,Alabama Department of Environmental Management,AL03150202-0404-110,Sixmile Creek,15001700002853,2024,20565
158691494,04,AL,State,21AWIC,Alabama Department of Environmental Management,AL03150202-0404-110,Sixmile Creek,15001700002939,2024,20565
158691495,04,AL,State,21AWIC,Alabama Department of Environmental Management,AL03150202-0404-110,Sixmile Creek,15001700002940,2024,20565
158691496,04,AL,State,21AWIC,Alabama Department of Environmental Management,AL03150202-0404-110,Sixmile Creek,15001700002941,2024,20565
158691497,04,AL,State,21AWIC,Alabama Department of Environmental Management,AL03150202-0404-110,Sixmile Creek,15001700003077,2024,20565
158691498,04,AL,State,21AWIC,Alabama Department of Environmental Management,AL03150202-0404-110,Sixmile Creek,15001700004732,2024,20565
158691499,04,AL,State,21AWIC,Alabama Department of Environmental Management,AL03150202-0404-110,Sixmile Creek,15001700004733,2024,20565
158691500,04,AL,State,21AWIC,Alabama Department of Environmental Management,AL03150202-0404-110,Sixmile Creek,15001700004737,2024,20565
158691501,04,AL,State,21AWIC,Alabama Department of Environmental Management,AL03150202-0404-110,Sixmile Creek,15001700004738,2024,20565
158691502,04,AL,State,21AWIC,Alabama Department of Environmental Management,AL03150202-0404-110,Sixmile Creek,15001700004988,2024,20565
158691503,04,AL,State,21AWIC,Alabama Department of Environmental Management,AL03150202-0404-110,Sixmile Creek,15001700004989,2024,20565
158691504,04,AL,State,21AWIC,Alabama Department of Environmental Management,AL03150202-0404-110,Sixmile Creek,15001700005263,2024,20565
158691505,04,AL,State,21AWIC,Alabama Department of Environmental Management,AL03150202-0404-110,Sixmile Creek,15001700023241,2024,20565
158691506,04,AL,State,21AWIC,Alabama Department of Environmental Management,AL03150202-0404-110,Sixmile Creek,15001700023465,2024,20565
158691507,04,AL,State,21AWIC,Alabama Department of Environmental Management,AL03150202-0404-110,Sixmile Creek,15001700023703,2024,20565
158691508,04,AL,State,21AWIC,Alabama Department of Environmental Management,AL03150202-0404-110,Sixmile Creek,15001700023904,2024,20565
158691509,04,AL,State,21AWIC,Alabama Department of Environmental Management,AL03150202-0404-110,Sixmile Creek,15001700024143,2024,20565
158691510,04,AL,State,21AWIC,Alabama Department of Environmental Management,AL03150202-0404-110,Sixmile Creek,15001700024366,2024,20565
158691511,04,AL,State,21AWIC,Alabama Department of Environmental Management,AL03150202-0404-110,Sixmile Creek,15001700025060,2024,20565
158691512,04,AL,State,21AWIC,Alabama Department of Environmental Management,AL03150202-0404-110,Sixmile Creek,15001700025061,2024,20565
158691513,04,AL,State,21AWIC,Alabama Department of Environmental Management,AL03150202-0404-110,Sixmile Creek,15001700025308,2024,20565
158691514,04,AL,State,21AWIC,Alabama Department of Environmental Management,AL03150202-0404-110,Sixmile Creek,15001700043622,2024,20565
158691515,04,AL,State,21AWIC,Alabama Department of Environmental Management,AL03150202-0404-110,Sixmile Creek,15001700043708,2024,20565
158691516,04,AL,State,21AWIC,Alabama Department of Environmental Management,AL03150202-0404-110,Sixmile Creek,15001700044089,2024,20565
158691517,04,AL,State,21AWIC,Alabama Department of Environmental Management,AL03150202-0404-110,Sixmile Creek,15001700044090,2024,20565
158691518,04,AL,State,21AWIC,Alabama Department of Environmental Management,AL03150202-0404-110,Sixmile Creek,15001700044095,2024,20565
158691519,04,AL,State,21AWIC,Alabama Department of Environmental Management,AL03150202-0404-110,Sixmile Creek,15001700044295,2024,20565
158691520,04,AL,State,21AWIC,Alabama Department of Environmental Management,AL03150202-0404-110,Sixmile Creek,15001700044926,2024,20565
158691521,04,AL,State,21AWIC,Alabama Department of Environmental Management,AL03150202-0404-110,Sixmile Creek,15001700044927,2024,20565
158691522,04,AL,State,21AWIC,Alabama Department of Environmental Management,AL03150202-0404-110,Sixmile Creek,15001700045170,2024,20565
158691523,04,AL,State,21AWIC,Alabama Department of Environmental Management,AL03150202-0404-110,Sixmile Creek,15001700045171,2024,20565
158691524,04,AL,State,21AWIC,Alabama Department of Environmental Management,AL03150202-0404-110,Sixmile Creek,15001700064018,2024,20565
158691525,04,AL,State,21AWIC,Alabama Department of Environmental Management,AL03150202-0404-110,Sixmile Creek,15001700064371,2024,20565
158691526,04,AL,State,21AWIC,Alabama Department of Environmental Management,AL03150202-0404-110,Sixmile Creek,15001700064372,2024,20565
158691527,04,AL,State,21AWIC,Alabama Department of Environmental Management,AL03150202-0404-110,Sixmile Creek,15001700064373,2024,20565
158691528,04,AL,State,21AWIC,Alabama Department of Environmental Management,AL03150202-0404-110,Sixmile Creek,15001700064374,2024,20565
158691529,04,AL,State,21AWIC,Alabama Department of Environmental Management,AL03150202-0404-110,Sixmile Creek,15001700065026,2024,20565
158691530,04,AL,State,21AWIC,Alabama Department of Environmental Management,AL03150202-0404-110,Sixmile Creek,15001700065027,2024,20565
158691531,04,AL,State,21AWIC,Alabama Department of Environmental Management,AL03150202-0404-110,Sixmile Creek,15001700065466,2024,20565
158691532,04,AL,State,21AWIC,Alabama Department of Environmental Management,AL03150202-0404-110,Sixmile Creek,15001700065981,2024,20565
158691533,04,AL,State,21AWIC,Alabama Department of Environmental Management,AL03150202-0404-110,Sixmile Creek,15001700084612,2024,20565
158691534,04,AL,State,21AWIC,Alabama Department of Environmental Management,AL03150202-0404-110,Sixmile Creek,15001700084750,2024,20565
158691535,04,AL,State,21AWIC,Alabama Department of Environmental Management,AL03150202-0404-110,Sixmile Creek,15001700084751,2024,20565
158691536,04,AL,State,21AWIC,Alabama Department of Environmental Management,AL03150202-0404-110,Sixmile Creek,15001700084981,2024,20565
158691537,04,AL,State,21AWIC,Alabama Department of Environmental Management,AL03150202-0404-110,Sixmile Creek,15001700086817,2024,20565
158691538,04,AL,State,21AWIC,Alabama Department of Environmental Management,AL03150202-0404-110,Sixmile Creek,15001700085198,2024,20565
158691539,04,AL,State,21AWIC,Alabama Department of Environmental Management,AL03150202-0404-110,Sixmile Creek,15001700086348,2024,20565
158691540,04,AL,State,21AWIC,Alabama Department of Environmental Management,AL03150202-0404-110,Sixmile Creek,15001700086583,2024,20565
158691541,04,AL,State,21AWIC,Alabama Department of Environmental Management,AL03150202-0404-110,Sixmile Creek,15001700105178,2024,20565
158691542,04,AL,State,21AWIC,Alabama Department of Environmental Management,AL03150202-0404-110,Sixmile Creek,15001700105179,2024,20565
158691543,04,AL,State,21AWIC,Alabama Department of Environmental Management,AL03150202-0404-110,Sixmile Creek,15001700106101,2024,20565
158691544,04,AL,State,21AWIC,Alabama Department of Environmental Management,AL03150202-0404-110,Sixmile Creek,15001700106492,2024,20565
158691545,04,AL,State,21AWIC,Alabama Department of Environmental Management,AL03150202-0404-110,Sixmile Creek,15001700106760,2024,20565
158691546,04,AL,State,21AWIC,Alabama Department of Environmental Management,AL03150202-0404-110,Sixmile Creek,15001700106761,2024,20565
158691547,04,AL,State,21AWIC,Alabama Department of Environmental Management,AL03150202-0404-110,Sixmile Creek,15001700107000,2024,20565
158691548,04,AL,State,21AWIC,Alabama Department of Environmental Management,AL03150202-0404-110,Sixmile Creek,15001700125579,2024,20565
158691549,04,AL,State,21AWIC,Alabama Department of Environmental Management,AL03150202-0404-110,Sixmile Creek,15001700125661,2024,20565
158691550,04,AL,State,21AWIC,Alabama Department of Environmental Management,AL03150202-0404-110,Sixmile Creek,15001700125784,2024,20565
158691551,04,AL,State,21AWIC,Alabama Department of Environmental Management,AL03150202-0404-110,Sixmile Creek,15001700125786,2024,20565
158691552,04,AL,State,21AWIC,Alabama Department of Environmental Management,AL03150202-0404-110,Sixmile Creek,15001700126004,2024,20565
158691553,04,AL,State,21AWIC,Alabama Department of Environmental Management,AL03150202-0404-110,Sixmile Creek,15001700126005,2024,20565
158691554,04,AL,State,21AWIC,Alabama Department of Environmental Management,AL03150202-0404-110,Sixmile Creek,15001700126212,2024,20565
158691555,04,AL,State,21AWIC,Alabama Department of Environmental Management,AL03150202-0404-110,Sixmile Creek,15001700126464,2024,20565
158691556,04,AL,State,21AWIC,Alabama Department of Environmental Management,AL03150202-0404-110,Sixmile Creek,15001700126699,2024,20565
158691557,04,AL,State,21AWIC,Alabama Department of Environmental Management,AL03150202-0404-110,Sixmile Creek,15001700126924,2024,20565
158691558,04,AL,State,21AWIC,Alabama Department of Environmental Management,AL03150202-0404-110,Sixmile Creek,15001700146072,2024,20565
158691559,04,AL,State,21AWIC,Alabama Department of Environmental Management,AL03150202-0404-110,Sixmile Creek,15001700146277,2024,20565
158691560,04,AL,State,21AWIC,Alabama Department of Environmental Management,AL03150202-0404-110,Sixmile Creek,15001700146485,2024,20565
158691561,04,AL,State,21AWIC,Alabama Department of Environmental Management,AL03150202-0404-110,Sixmile Creek,15001700147357,2024,20565
158691562,04,AL,State,21AWIC,Alabama Department of Environmental Management,AL03150202-0404-110,Sixmile Creek,15001700147358,2024,20565
158691563,04,AL,State,21AWIC,Alabama Department of Environmental Management,AL03150202-0404-110,Sixmile Creek,15001700147553,2024,20565
158691564,04,AL,State,21AWIC,Alabama Department of Environmental Management,AL03150202-0404-110,Sixmile Creek,15001700148088,2024,20565
158691565,04,AL,State,21AWIC,Alabama Department of Environmental Management,AL03150202-0404-110,Sixmile Creek,15001700004734,2024,20565
158691566,04,AL,State,21AWIC,Alabama Department of Environmental Management,AL03150202-0404-110,Sixmile Creek,15001700002853,2024,20565
158691567,04,AL,State,21AWIC,Alabama Department of Environmental Management,AL03150202-0404-110,Sixmile Creek,15001700002939,2024,20565
158691568,04,AL,State,21AWIC,Alabama Department of Environmental Management,AL03150202-0404-110,Sixmile Creek,15001700002940,2024,20565
158691569,04,AL,State,21AWIC,Alabama Department of Environmental Management,AL03150202-0404-110,Sixmile Creek,15001700002941,2024,20565
158691570,04,AL,State,21AWIC,Alabama Department of Environmental Management,AL03150202-0404-110,Sixmile Creek,15001700003077,2024,20565
158691571,04,AL,State,21AWIC,Alabama Department of Environmental Management,AL03150202-0404-110,Sixmile Creek,15001700004732,2024,20565
158691572,04,AL,State,21AWIC,Alabama Department of Environmental Management,AL03150202-0404-110,Sixmile Creek,15001700004733,2024,20565
158691573,04,AL,State,21AWIC,Alabama Department of Environmental Management,AL03150202-0404-110,Sixmile Creek,15001700004737,2024,20565
158691574,04,AL,State,21AWIC,Alabama Department of Environmental Management,AL03150202-0404-110,Sixmile Creek,15001700004738,2024,20565
158691575,04,AL,State,21AWIC,Alabama Department of Environmental Management,AL03150202-0404-110,Sixmile Creek,15001700004988,2024,20565
158691576,04,AL,State,21AWIC,Alabama Department of Environmental Management,AL03150202-0404-110,Sixmile Creek,15001700004989,2024,20565
158691577,04,AL,State,21AWIC,Alabama Department of Environmental Management,AL03150202-0404-110,Sixmile Creek,15001700005263,2024,20565
158691578,04,AL,State,21AWIC,Alabama Department of Environmental Management,AL03150202-0404-110,Sixmile Creek,15001700023241,2024,20565
158691579,04,AL,State,21AWIC,Alabama Department of Environmental Management,AL03150202-0404-110,Sixmile Creek,15001700023465,2024,20565
158691580,04,AL,State,21AWIC,Alabama Department of Environmental Management,AL03150202-0404-110,Sixmile Creek,15001700023703,2024,20565
158691581,04,AL,State,21AWIC,Alabama Department of Environmental Management,AL03150202-0404-110,Sixmile Creek,15001700023904,2024,20565
158691582,04,AL,State,21AWIC,Alabama Department of Environmental Management,AL03150202-0404-110,Sixmile Creek,15001700024143,2024,20565
158691583,04,AL,State,21AWIC,Alabama Department of Environmental Management,AL03150202-0404-110,Sixmile Creek,15001700024366,2024,20565
158691584,04,AL,State,21AWIC,Alabama Department of Environmental Management,AL03150202-0404-110,Sixmile Creek,15001700025060,2024,20565
158691585,04,AL,State,21AWIC,Alabama Department of Environmental Management,AL03150202-0404-110,Sixmile Creek,15001700025061,2024,20565
158691586,04,AL,State,21AWIC,Alabama Department of Environmental Management,AL03150202-0404-110,Sixmile Creek,15001700025308,2024,20565
158691587,04,AL,State,21AWIC,Alabama Department of Environmental Management,AL03150202-0404-110,Sixmile Creek,15001700043622,2024,20565
158691588,04,AL,State,21AWIC,Alabama Department of Environmental Management,AL03150202-0404-110,Sixmile Creek,15001700043708,2024,20565
158691589,04,AL,State,21AWIC,Alabama Department of Environmental Management,AL03150202-0404-110,Sixmile Creek,15001700044089,2024,20565
158691590,04,AL,State,21AWIC,Alabama Department of Environmental Management,AL03150202-0404-110,Sixmile Creek,15001700044090,2024,20565
158691591,04,AL,State,21AWIC,Alabama Department of Environmental Management,AL03150202-0404-110,Sixmile Creek,15001700044095,2024,20565
158691592,04,AL,State,21AWIC,Alabama Department of Environmental Management,AL03150202-0404-110,Sixmile Creek,15001700044295,2024,20565
158691593,04,AL,State,21AWIC,Alabama Department of Environmental Management,AL03150202-0404-110,Sixmile Creek,15001700044926,2024,20565
158691594,04,AL,State,21AWIC,Alabama Department of Environmental Management,AL03150202-0404-110,Sixmile Creek,15001700044927,2024,20565
158691595,04,AL,State,21AWIC,Alabama Department of Environmental Management,AL03150202-0404-110,Sixmile Creek,15001700045170,2024,20565
158691596,04,AL,State,21AWIC,Alabama Department of Environmental Management,AL03150202-0404-110,Sixmile Creek,15001700045171,2024,20565
158691597,04,AL,State,21AWIC,Alabama Department of Environmental Management,AL03150202-0404-110,Sixmile Creek,15001700064018,2024,20565
158691598,04,AL,State,21AWIC,Alabama Department of Environmental Management,AL03150202-0404-110,Sixmile Creek,15001700064371,2024,20565
158691599,04,AL,State,21AWIC,Alabama Department of Environmental Management,AL03150202-0404-110,Sixmile Creek,15001700064372,2024,20565
158691600,04,AL,State,21AWIC,Alabama Department of Environmental Management,AL03150202-0404-110,Sixmile Creek,15001700064373,2024,20565
158691601,04,AL,State,21AWIC,Alabama Department of Environmental Management,AL03150202-0404-110,Sixmile Creek,15001700064374,2024,20565
158691602,04,AL,State,21AWIC,Alabama Department of Environmental Management,AL03150202-0404-110,Sixmile Creek,15001700065026,2024,20565
158691603,04,AL,State,21AWIC,Alabama Department of Environmental Management,AL03150202-0404-110,Sixmile Creek,15001700065027,2024,20565
158691604,04,AL,State,21AWIC,Alabama Department of Environmental Management,AL03150202-0404-110,Sixmile Creek,15001700065466,2024,20565
158691605,04,AL,State,21AWIC,Alabama Department of Environmental Management,AL03150202-0404-110,Sixmile Creek,15001700065981,2024,20565
158691606,04,AL,State,21AWIC,Alabama Department of Environmental Management,AL03150202-0404-110,Sixmile Creek,15001700084612,2024,20565
158691607,04,AL,State,21AWIC,Alabama Department of Environmental Management,AL03150202-0404-110,Sixmile Creek,15001700084750,2024,20565
158691608,04,AL,State,21AWIC,Alabama Department of Environmental Management,AL03150202-0404-110,Sixmile Creek,15001700084751,2024,20565
158691609,04,AL,State,21AWIC,Alabama Department of Environmental Management,AL03150202-0404-110,Sixmile Creek,15001700084981,2024,20565
158691610,04,AL,State,21AWIC,Alabama Department of Environmental Management,AL03150202-0404-110,Sixmile Creek,15001700085198,2024,20565
158691611,04,AL,State,21AWIC,Alabama Department of Environmental Management,AL03150202-0404-110,Sixmile Creek,15001700086348,2024,20565
158691612,04,AL,State,21AWIC,Alabama Department of Environmental Management,AL03150202-0404-110,Sixmile Creek,15001700086583,2024,20565
158691613,04,AL,State,21AWIC,Alabama Department of Environmental Management,AL03150202-0404-110,Sixmile Creek,15001700086817,2024,20565
158691614,04,AL,State,21AWIC,Alabama Department of Environmental Management,AL03150202-0404-110,Sixmile Creek,15001700105178,2024,20565
158691615,04,AL,State,21AWIC,Alabama Department of Environmental Management,AL03150202-0404-110,Sixmile Creek,15001700105179,2024,20565
158691616,04,AL,State,21AWIC,Alabama Department of Environmental Management,AL03150202-0404-110,Sixmile Creek,15001700106101,2024,20565
158691617,04,AL,State,21AWIC,Alabama Department of Environmental Management,AL03150202-0404-110,Sixmile Creek,15001700106492,2024,20565
158691618,04,AL,State,21AWIC,Alabama Department of Environmental Management,AL03150202-0404-110,Sixmile Creek,15001700106760,2024,20565
158691619,04,AL,State,21AWIC,Alabama Department of Environmental Management,AL03150202-0404-110,Sixmile Creek,15001700106761,2024,20565
158691620,04,AL,State,21AWIC,Alabama Department of Environmental Management,AL03150202-0404-110,Sixmile Creek,15001700107000,2024,20565
158691621,04,AL,State,21AWIC,Alabama Department of Environmental Management,AL03150202-0404-110,Sixmile Creek,15001700125579,2024,20565
158691622,04,AL,State,21AWIC,Alabama Department of Environmental Management,AL03150202-0404-110,Sixmile Creek,15001700125661,2024,20565
158691623,04,AL,State,21AWIC,Alabama Department of Environmental Management,AL03150202-0404-110,Sixmile Creek,15001700125784,2024,20565
158691624,04,AL,State,21AWIC,Alabama Department of Environmental Management,AL03150202-0404-110,Sixmile Creek,15001700125786,2024,20565
158691625,04,AL,State,21AWIC,Alabama Department of Environmental Management,AL03150202-0404-110,Sixmile Creek,15001700126004,2024,20565
158691626,04,AL,State,21AWIC,Alabama Department of Environmental Management,AL03150202-0404-110,Sixmile Creek,15001700126005,2024,20565
158691627,04,AL,State,21AWIC,Alabama Department of Environmental Management,AL03150202-0404-110,Sixmile Creek,15001700126212,2024,20565
158691628,04,AL,State,21AWIC,Alabama Department of Environmental Management,AL03150202-0404-110,Sixmile Creek,15001700126464,2024,20565
158691629,04,AL,State,21AWIC,Alabama Department of Environmental Management,AL03150202-0404-110,Sixmile Creek,15001700126699,2024,20565
158691630,04,AL,State,21AWIC,Alabama Department of Environmental Management,AL03150202-0404-110,Sixmile Creek,15001700126924,2024,20565
158691631,04,AL,State,21AWIC,Alabama Department of Environmental Management,AL03150202-0404-110,Sixmile Creek,15001700146072,2024,20565
158691632,04,AL,State,21AWIC,Alabama Department of Environmental Management,AL03150202-0404-110,Sixmile Creek,15001700146277,2024,20565
158691633,04,AL,State,21AWIC,Alabama Department of Environmental Management,AL03150202-0404-110,Sixmile Creek,15001700146485,2024,20565
158691634,04,AL,State,21AWIC,Alabama Department of Environmental Management,AL03150202-0404-110,Sixmile Creek,15001700147357,2024,20565
158691635,04,AL,State,21AWIC,Alabama Department of Environmental Management,AL03150202-0404-110,Sixmile Creek,15001700147358,2024,20565
158691636,04,AL,State,21AWIC,Alabama Department of Environmental Management,AL03150202-0404-110,Sixmile Creek,15001700147553,2024,20565
158691637,04,AL,State,21AWIC,Alabama Department of Environmental Management,AL03150202-0404-110,Sixmile Creek,15001700148088,2024,20565
158691638,04,AL,State,21AWIC,Alabama Department of Environmental Management,AL03150202-0404-110,Sixmile Creek,15001700004734,2024,20565
