objectId,region,state,organizationType,organizationId,organizationName,waterType,parameterGroup,parameter,actionType,actionId,actionName,actionAgency,inIndianCountry,includeInMeasure,completionDate,assessmentUnitId,assessmentUnitName,fiscalYearEstablished,locationDescription,waterSize,waterSizeUnits,planSummaryLink
25819,01,RI,State,RIDEM,Rhode Island,"LAKE, FRESHWATER",ALGAL GROWTH,ALGAL GROWTH/CHLOROPHYLL A,TMDL,58281,Scott Pond,State,N,Y,2014-08-12,RI0001003L-01,Scott Pond,2014,Scott Pond.  Lincoln,42.1267,Acres,https://mywaterway.epa.gov/plan-summary/RIDEM/58281
25820,01,RI,State,RIDEM,Rhode Island,"LAKE, FRESHWATER",NUTRIENTS,"PHOSPHORUS, TOTAL",TMDL,58281,Scott Pond,State,N,Y,2014-08-12,RI0001003L-01,Scott Pond,2014,Scott Pond.  Lincoln,42.1267,Acres,https://mywaterway.epa.gov/plan-summary/RIDEM/58281
25829,01,RI,State,RIDEM,Rhode Island,"LAKE, FRESHWATER",METALS (OTHER THAN MERCURY),COPPER,TMDL,56024,Turner Reservoir,State,N,Y,2014-04-17,RI0004009L-01B,Turner Reservoir South,2014,Turner Reservoir South of Newman Avenue Dam.   East Providence,85.0773,Acres,https://mywaterway.epa.gov/plan-summary/RIDEM/56024
25830,01,RI,State,RIDEM,Rhode Island,"LAKE, FRESHWATER",METALS (OTHER THAN MERCURY),CADMIUM,TMDL,56020,"Upper Ten Mile River ",State,N,Y,2014-04-17,RI0004009L-02,Slater Park Pond,2014,Slater Park Pond.   Pawtuc,21.3574,Acres,https://mywaterway.epa.gov/plan-summary/RIDEM/56020
25831,01,RI,State,RIDEM,Rhode Island,RIVER,METALS (OTHER THAN MERCURY),CADMIUM,TMDL,56020,"Upper Ten Mile River ",State,N,Y,2014-04-17,RI0004009R-01A,Ten Mile River & Tribs,2014,"Ten Mile River and tributaries from the MA-RI border to the inlet to Turner Reservoir North, including Slater Park Pond.   Pawtucket",3.6034,Miles,https://mywaterway.epa.gov/plan-summary/RIDEM/56020
25832,01,RI,State,RIDEM,Rhode Island,RIVER,METALS (OTHER THAN MERCURY),ALUMINUM,TMDL,56021,Lower Ten Mile River,State,N,Y,2014-04-17,RI0004009R-01B,Ten Mile River & Tribs,2014,Ten Mile River and tributaries downstream of Turner Reservoir South to the Omega Pond inlet.  East Providence,3.1518,Miles,https://mywaterway.epa.gov/plan-summary/RIDEM/56021
58502,01,RI,State,RIDEM,Rhode Island,"LAKE, FRESHWATER",ORGANIC ENRICHMENT/OXYGEN DEPLETION,HYPOXIA,TMDL,58281,Scott Pond,State,N,Y,2014-08-12,RI0001003L-01,Scott Pond,2014,Scott Pond.  Lincoln,42.1267,Acres,https://mywaterway.epa.gov/plan-summary/RIDEM/58281
58503,01,RI,State,RIDEM,Rhode Island,"LAKE, FRESHWATER",ALGAL GROWTH,EXCESS ALGAL GROWTH,TMDL,58281,Scott Pond,State,N,Y,2014-08-12,RI0001003L-01,Scott Pond,2014,Scott Pond.  Lincoln,42.1267,Acres,https://mywaterway.epa.gov/plan-summary/RIDEM/58281
58509,01,RI,State,RIDEM,Rhode Island,"LAKE, FRESHWATER",PATHOGENS,FECAL COLIFORM,TMDL,56020,"Upper Ten Mile River ",State,N,Y,2014-04-17,RI0004009L-02,Slater Park Pond,2014,Slater Park Pond.   Pawtuc,21.3574,Acres,https://mywaterway.epa.gov/plan-summary/RIDEM/56020
58510,01,RI,State,RIDEM,Rhode Island,"LAKE, FRESHWATER",ALGAL GROWTH,EXCESS ALGAL GROWTH,TMDL,56020,"Upper Ten Mile River ",State,N,Y,2014-04-17,RI0004009L-02,Slater Park Pond,2014,Slater Park Pond.   Pawtuc,21.3574,Acres,https://mywaterway.epa.gov/plan-summary/RIDEM/56020
58511,01,RI,State,RIDEM,Rhode Island,"LAKE, FRESHWATER",METALS (OTHER THAN MERCURY),ALUMINUM,TMDL,56025,Omega Pond,State,N,Y,2014-04-17,RI0004009L-03,Omega Pond,2014,Omega Pond.  East Providence,30.202,Acres,https://mywaterway.epa.gov/plan-summary/RIDEM/56025
58512,01,RI,State,RIDEM,Rhode Island,"LAKE, FRESHWATER",NUTRIENTS,"PHOSPHORUS, TOTAL",TMDL,56025,Omega Pond,State,N,Y,2014-04-17,RI0004009L-03,Omega Pond,2014,Omega Pond.  East Providence,30.202,Acres,https://mywaterway.epa.gov/plan-summary/RIDEM/56025
58513,01,RI,State,RIDEM,Rhode Island,"LAKE, FRESHWATER",METALS (OTHER THAN MERCURY),CADMIUM,TMDL,56025,Omega Pond,State,N,Y,2014-04-17,RI0004009L-03,Omega Pond,2014,Omega Pond.  East Providence,30.202,Acres,https://mywaterway.epa.gov/plan-summary/RIDEM/56025
90805,01,RI,State,RIDEM,Rhode Island,"LAKE, FRESHWATER",NUTRIENTS,NUTRIENT/EUTROPHICATION BIOLOGICAL INDICATORS,TMDL,56023,Central Pond,State,N,Y,2014-04-17,RI0004009L-01A,Turner Reservoir North (Central Pond),2014,Turner Reservoir North of Newman Avenue Dam (Central Pond).   East Providence,129.6866,Acres,https://mywaterway.epa.gov/plan-summary/RIDEM/56023
90806,01,RI,State,RIDEM,Rhode Island,"LAKE, FRESHWATER",NUTRIENTS,PHOSPHORUS,TMDL,56024,Turner Reservoir,State,N,Y,2014-04-17,RI0004009L-01B,Turner Reservoir South,2014,Turner Reservoir South of Newman Avenue Dam.   East Providence,85.0773,Acres,https://mywaterway.epa.gov/plan-summary/RIDEM/56024
90807,01,RI,State,RIDEM,Rhode Island,"LAKE, FRESHWATER",METALS (OTHER THAN MERCURY),IRON,TMDL,56020,"Upper Ten Mile River ",State,N,Y,2014-04-17,RI0004009L-02,Slater Park Pond,2014,Slater Park Pond.   Pawtuc,21.3574,Acres,https://mywaterway.epa.gov/plan-summary/RIDEM/56020
90808,01,RI,State,RIDEM,Rhode Island,"LAKE, FRESHWATER",NUTRIENTS,NUTRIENTS,TMDL,56025,Omega Pond,State,N,Y,2014-04-17,RI0004009L-03,Omega Pond,2014,Omega Pond.  East Providence,30.202,Acres,https://mywaterway.epa.gov/plan-summary/RIDEM/56025
90809,01,RI,State,RIDEM,Rhode Island,"LAKE, FRESHWATER",NUTRIENTS,NUTRIENT/EUTROPHICATION BIOLOGICAL INDICATORS,TMDL,56025,Omega Pond,State,N,Y,2014-04-17,RI0004009L-03,Omega Pond,2014,Omega Pond.  East Providence,30.202,Acres,https://mywaterway.epa.gov/plan-summary/RIDEM/56025
90810,01,RI,State,RIDEM,Rhode Island,"LAKE, FRESHWATER",NUTRIENTS,PHOSPHORUS,TMDL,56025,Omega Pond,State,N,Y,2014-04-17,RI0004009L-03,Omega Pond,2014,Omega Pond.  East Providence,30.202,Acres,https://mywaterway.epa.gov/plan-summary/RIDEM/56025
90811,01,RI,State,RIDEM,Rhode Island,RIVER,METALS (OTHER THAN MERCURY),LEAD,TMDL,56020,"Upper Ten Mile River ",State,N,Y,2014-04-17,RI0004009R-01A,Ten Mile River & Tribs,2014,"Ten Mile River and tributaries from the MA-RI border to the inlet to Turner Reservoir North, including Slater Park Pond.   Pawtucket",3.6034,Miles,https://mywaterway.epa.gov/plan-summary/RIDEM/56020
90812,01,RI,State,RIDEM,Rhode Island,RIVER,METALS (OTHER THAN MERCURY),COPPER,TMDL,56020,"Upper Ten Mile River ",State,N,Y,2014-04-17,RI0004009R-01A,Ten Mile River & Tribs,2014,"Ten Mile River and tributaries from the MA-RI border to the inlet to Turner Reservoir North, including Slater Park Pond.   Pawtucket",3.6034,Miles,https://mywaterway.epa.gov/plan-summary/RIDEM/56020
90813,01,RI,State,RIDEM,Rhode Island,RIVER,METALS (OTHER THAN MERCURY),LEAD,TMDL,56021,Lower Ten Mile River,State,N,Y,2014-04-17,RI0004009R-01B,Ten Mile River & Tribs,2014,Ten Mile River and tributaries downstream of Turner Reservoir South to the Omega Pond inlet.  East Providence,3.1518,Miles,https://mywaterway.epa.gov/plan-summary/RIDEM/56021
90844,01,RI,State,RIDEM,Rhode Island,RIVER,PATHOGENS,ENTEROCOCCUS BACTERIA,TMDL,60120,Pawcatuck River segment 18D,State,N,Y,2014-09-17,RI0008039R-18D,Pawcatuck River & Tribs,2014,"Pawcatuck River and tributaries from the Bradford Dyeing Associates WWTF discharge point to the Route 3 bridge crossing.  Hopkinton, Westerly",5.5285,Miles,https://mywaterway.epa.gov/plan-summary/RIDEM/60120
122986,01,RI,State,RIDEM,Rhode Island,"LAKE, FRESHWATER",NUTRIENTS,NUTRIENTS,TMDL,58281,Scott Pond,State,N,Y,2014-08-12,RI0001003L-01,Scott Pond,2014,Scott Pond.  Lincoln,42.1267,Acres,https://mywaterway.epa.gov/plan-summary/RIDEM/58281
122987,01,RI,State,RIDEM,Rhode Island,"LAKE, FRESHWATER",NUTRIENTS,PHOSPHORUS,TMDL,58281,Scott Pond,State,N,Y,2014-08-12,RI0001003L-01,Scott Pond,2014,Scott Pond.  Lincoln,42.1267,Acres,https://mywaterway.epa.gov/plan-summary/RIDEM/58281
122994,01,RI,State,RIDEM,Rhode Island,"LAKE, FRESHWATER",METALS (OTHER THAN MERCURY),METALS,TMDL,56023,Central Pond,State,N,Y,2014-04-17,RI0004009L-01A,Turner Reservoir North (Central Pond),2014,Turner Reservoir North of Newman Avenue Dam (Central Pond).   East Providence,129.6866,Acres,https://mywaterway.epa.gov/plan-summary/RIDEM/56023
122995,01,RI,State,RIDEM,Rhode Island,"LAKE, FRESHWATER",NUTRIENTS,NUTRIENTS,TMDL,56023,Central Pond,State,N,Y,2014-04-17,RI0004009L-01A,Turner Reservoir North (Central Pond),2014,Turner Reservoir North of Newman Avenue Dam (Central Pond).   East Providence,129.6866,Acres,https://mywaterway.epa.gov/plan-summary/RIDEM/56023
122996,01,RI,State,RIDEM,Rhode Island,"LAKE, FRESHWATER",METALS (OTHER THAN MERCURY),METALS,TMDL,56024,Turner Reservoir,State,N,Y,2014-04-17,RI0004009L-01B,Turner Reservoir South,2014,Turner Reservoir South of Newman Avenue Dam.   East Providence,85.0773,Acres,https://mywaterway.epa.gov/plan-summary/RIDEM/56024
122997,01,RI,State,RIDEM,Rhode Island,"LAKE, FRESHWATER",METALS (OTHER THAN MERCURY),LEAD,TMDL,56024,Turner Reservoir,State,N,Y,2014-04-17,RI0004009L-01B,Turner Reservoir South,2014,Turner Reservoir South of Newman Avenue Dam.   East Providence,85.0773,Acres,https://mywaterway.epa.gov/plan-summary/RIDEM/56024
123029,01,RI,State,RIDEM,Rhode Island,RIVER,PATHOGENS,PATHOGENS,TMDL,60160,Spring Brook,State,N,Y,2014-09-17,RI0008039R-41,Spring Brook and Tributaries,2014,Spring Brook and Tributaries.  Westerly,2.41,Miles,https://mywaterway.epa.gov/plan-summary/RIDEM/60160
155300,01,RI,State,RIDEM,Rhode Island,"LAKE, FRESHWATER",ORGANIC ENRICHMENT/OXYGEN DEPLETION,ORGANIC ENRICHMENT/LOW DISSOLVED OXYGEN,TMDL,58281,Scott Pond,State,N,Y,2014-08-12,RI0001003L-01,Scott Pond,2014,Scott Pond.  Lincoln,42.1267,Acres,https://mywaterway.epa.gov/plan-summary/RIDEM/58281
155307,01,RI,State,RIDEM,Rhode Island,"LAKE, FRESHWATER",NUTRIENTS,"PHOSPHORUS, TOTAL",TMDL,56023,Central Pond,State,N,Y,2014-04-17,RI0004009L-01A,Turner Reservoir North (Central Pond),2014,Turner Reservoir North of Newman Avenue Dam (Central Pond).   East Providence,129.6866,Acres,https://mywaterway.epa.gov/plan-summary/RIDEM/56023
155308,01,RI,State,RIDEM,Rhode Island,"LAKE, FRESHWATER",NUISANCE EXOTIC SPECIES,NON-NATIVE AQUATIC PLANTS,TMDL,56024,Turner Reservoir,State,N,Y,2014-04-17,RI0004009L-01B,Turner Reservoir South,2014,Turner Reservoir South of Newman Avenue Dam.   East Providence,85.0773,Acres,https://mywaterway.epa.gov/plan-summary/RIDEM/56024
155309,01,RI,State,RIDEM,Rhode Island,"LAKE, FRESHWATER",NUTRIENTS,NUTRIENT/EUTROPHICATION BIOLOGICAL INDICATORS,TMDL,56024,Turner Reservoir,State,N,Y,2014-04-17,RI0004009L-01B,Turner Reservoir South,2014,Turner Reservoir South of Newman Avenue Dam.   East Providence,85.0773,Acres,https://mywaterway.epa.gov/plan-summary/RIDEM/56024
155310,01,RI,State,RIDEM,Rhode Island,"LAKE, FRESHWATER",METALS (OTHER THAN MERCURY),ALUMINUM,TMDL,56024,Turner Reservoir,State,N,Y,2014-04-17,RI0004009L-01B,Turner Reservoir South,2014,Turner Reservoir South of Newman Avenue Dam.   East Providence,85.0773,Acres,https://mywaterway.epa.gov/plan-summary/RIDEM/56024
155311,01,RI,State,RIDEM,Rhode Island,"LAKE, FRESHWATER",METALS (OTHER THAN MERCURY),CADMIUM,TMDL,56024,Turner Reservoir,State,N,Y,2014-04-17,RI0004009L-01B,Turner Reservoir South,2014,Turner Reservoir South of Newman Avenue Dam.   East Providence,85.0773,Acres,https://mywaterway.epa.gov/plan-summary/RIDEM/56024
155312,01,RI,State,RIDEM,Rhode Island,"LAKE, FRESHWATER",ALGAL GROWTH,ALGAL GROWTH/CHLOROPHYLL A,TMDL,56020,"Upper Ten Mile River ",State,N,Y,2014-04-17,RI0004009L-02,Slater Park Pond,2014,Slater Park Pond.   Pawtuc,21.3574,Acres,https://mywaterway.epa.gov/plan-summary/RIDEM/56020
155313,01,RI,State,RIDEM,Rhode Island,"LAKE, FRESHWATER",PATHOGENS,FECAL COLIFORM,TMDL,56025,Omega Pond,State,N,Y,2014-04-17,RI0004009L-03,Omega Pond,2014,Omega Pond.  East Providence,30.202,Acres,https://mywaterway.epa.gov/plan-summary/RIDEM/56025
155314,01,RI,State,RIDEM,Rhode Island,RIVER,PATHOGENS,ENTEROCOCCUS BACTERIA,TMDL,56020,"Upper Ten Mile River ",State,N,Y,2014-04-17,RI0004009R-01A,Ten Mile River & Tribs,2014,"Ten Mile River and tributaries from the MA-RI border to the inlet to Turner Reservoir North, including Slater Park Pond.   Pawtucket",3.6034,Miles,https://mywaterway.epa.gov/plan-summary/RIDEM/56020
155315,01,RI,State,RIDEM,Rhode Island,RIVER,METALS (OTHER THAN MERCURY),ALUMINUM,TMDL,56020,"Upper Ten Mile River ",State,N,Y,2014-04-17,RI0004009R-01A,Ten Mile River & Tribs,2014,"Ten Mile River and tributaries from the MA-RI border to the inlet to Turner Reservoir North, including Slater Park Pond.   Pawtucket",3.6034,Miles,https://mywaterway.epa.gov/plan-summary/RIDEM/56020
155316,01,RI,State,RIDEM,Rhode Island,RIVER,METALS (OTHER THAN MERCURY),IRON,TMDL,56020,"Upper Ten Mile River ",State,N,Y,2014-04-17,RI0004009R-01A,Ten Mile River & Tribs,2014,"Ten Mile River and tributaries from the MA-RI border to the inlet to Turner Reservoir North, including Slater Park Pond.   Pawtucket",3.6034,Miles,https://mywaterway.epa.gov/plan-summary/RIDEM/56020
155317,01,RI,State,RIDEM,Rhode Island,RIVER,METALS (OTHER THAN MERCURY),CADMIUM,TMDL,56021,Lower Ten Mile River,State,N,Y,2014-04-17,RI0004009R-01B,Ten Mile River & Tribs,2014,Ten Mile River and tributaries downstream of Turner Reservoir South to the Omega Pond inlet.  East Providence,3.1518,Miles,https://mywaterway.epa.gov/plan-summary/RIDEM/56021
155318,01,RI,State,RIDEM,Rhode Island,RIVER,METALS (OTHER THAN MERCURY),METALS,TMDL,56021,Lower Ten Mile River,State,N,Y,2014-04-17,RI0004009R-01B,Ten Mile River & Tribs,2014,Ten Mile River and tributaries downstream of Turner Reservoir South to the Omega Pond inlet.  East Providence,3.1518,Miles,https://mywaterway.epa.gov/plan-summary/RIDEM/56021
155337,01,RI,State,RIDEM,Rhode Island,RIVER,PATHOGENS,ENTEROCOCCUS BACTERIA,TMDL,60180,Pierce Brook,State,N,Y,2014-09-17,RI0007028R-07,Pierce Brook,2014,Pierce Brook.  East Greenwich,1.6893,Miles,https://mywaterway.epa.gov/plan-summary/RIDEM/60180
155338,01,RI,State,RIDEM,Rhode Island,RIVER,PATHOGENS,PATHOGENS,TMDL,60180,Pierce Brook,State,N,Y,2014-09-17,RI0007028R-07,Pierce Brook,2014,Pierce Brook.  East Greenwich,1.6893,Miles,https://mywaterway.epa.gov/plan-summary/RIDEM/60180
155339,01,RI,State,RIDEM,Rhode Island,RIVER,PATHOGENS,FECAL COLIFORM,TMDL,60180,Pierce Brook,State,N,Y,2014-09-17,RI0007028R-07,Pierce Brook,2014,Pierce Brook.  East Greenwich,1.6893,Miles,https://mywaterway.epa.gov/plan-summary/RIDEM/60180
155349,01,RI,State,RIDEM,Rhode Island,RIVER,PATHOGENS,ENTEROCOCCUS BACTERIA,TMDL,60141,"Pawcatuck River, segment 18E",State,N,Y,2014-09-17,RI0008039R-18E,Pawcatuck River & Tribs,2014,Pawcatuck River and tributaries from the Route 3 bridge crossing to the Route 1 highway bridge at the junction of Main Street and Broad Street in Westerly.  Westerly,11.36,Miles,https://mywaterway.epa.gov/plan-summary/RIDEM/60141
187453,01,RI,State,RIDEM,Rhode Island,"LAKE, FRESHWATER",METALS (OTHER THAN MERCURY),COPPER,TMDL,56023,Central Pond,State,N,Y,2014-04-17,RI0004009L-01A,Turner Reservoir North (Central Pond),2014,Turner Reservoir North of Newman Avenue Dam (Central Pond).   East Providence,129.6866,Acres,https://mywaterway.epa.gov/plan-summary/RIDEM/56023
187454,01,RI,State,RIDEM,Rhode Island,"LAKE, FRESHWATER",METALS (OTHER THAN MERCURY),ALUMINUM,TMDL,56023,Central Pond,State,N,Y,2014-04-17,RI0004009L-01A,Turner Reservoir North (Central Pond),2014,Turner Reservoir North of Newman Avenue Dam (Central Pond).   East Providence,129.6866,Acres,https://mywaterway.epa.gov/plan-summary/RIDEM/56023
187455,01,RI,State,RIDEM,Rhode Island,"LAKE, FRESHWATER",NUTRIENTS,PHOSPHORUS,TMDL,56023,Central Pond,State,N,Y,2014-04-17,RI0004009L-01A,Turner Reservoir North (Central Pond),2014,Turner Reservoir North of Newman Avenue Dam (Central Pond).   East Providence,129.6866,Acres,https://mywaterway.epa.gov/plan-summary/RIDEM/56023
187456,01,RI,State,RIDEM,Rhode Island,"LAKE, FRESHWATER",NUTRIENTS,"PHOSPHORUS, TOTAL",TMDL,56024,Turner Reservoir,State,N,Y,2014-04-17,RI0004009L-01B,Turner Reservoir South,2014,Turner Reservoir South of Newman Avenue Dam.   East Providence,85.0773,Acres,https://mywaterway.epa.gov/plan-summary/RIDEM/56024
187457,01,RI,State,RIDEM,Rhode Island,"LAKE, FRESHWATER",NUTRIENTS,NUTRIENTS,TMDL,56024,Turner Reservoir,State,N,Y,2014-04-17,RI0004009L-01B,Turner Reservoir South,2014,Turner Reservoir South of Newman Avenue Dam.   East Providence,85.0773,Acres,https://mywaterway.epa.gov/plan-summary/RIDEM/56024
187458,01,RI,State,RIDEM,Rhode Island,"LAKE, FRESHWATER",PATHOGENS,PATHOGENS,TMDL,56020,"Upper Ten Mile River ",State,N,Y,2014-04-17,RI0004009L-02,Slater Park Pond,2014,Slater Park Pond.   Pawtuc,21.3574,Acres,https://mywaterway.epa.gov/plan-summary/RIDEM/56020
187459,01,RI,State,RIDEM,Rhode Island,"LAKE, FRESHWATER",METALS (OTHER THAN MERCURY),ALUMINUM,TMDL,56020,"Upper Ten Mile River ",State,N,Y,2014-04-17,RI0004009L-02,Slater Park Pond,2014,Slater Park Pond.   Pawtuc,21.3574,Acres,https://mywaterway.epa.gov/plan-summary/RIDEM/56020
187460,01,RI,State,RIDEM,Rhode Island,"LAKE, FRESHWATER",NUTRIENTS,PHOSPHORUS,TMDL,56020,"Upper Ten Mile River ",State,N,Y,2014-04-17,RI0004009L-02,Slater Park Pond,2014,Slater Park Pond.   Pawtuc,21.3574,Acres,https://mywaterway.epa.gov/plan-summary/RIDEM/56020
187461,01,RI,State,RIDEM,Rhode Island,"LAKE, FRESHWATER",METALS (OTHER THAN MERCURY),COPPER,TMDL,56025,Omega Pond,State,N,Y,2014-04-17,RI0004009L-03,Omega Pond,2014,Omega Pond.  East Providence,30.202,Acres,https://mywaterway.epa.gov/plan-summary/RIDEM/56025
187462,01,RI,State,RIDEM,Rhode Island,RIVER,METALS (OTHER THAN MERCURY),METALS,TMDL,56020,"Upper Ten Mile River ",State,N,Y,2014-04-17,RI0004009R-01A,Ten Mile River & Tribs,2014,"Ten Mile River and tributaries from the MA-RI border to the inlet to Turner Reservoir North, including Slater Park Pond.   Pawtucket",3.6034,Miles,https://mywaterway.epa.gov/plan-summary/RIDEM/56020
187494,01,RI,State,RIDEM,Rhode Island,RIVER,PATHOGENS,ENTEROCOCCUS BACTERIA,TMDL,60161,Acid Factory Brook,State,N,Y,2014-09-17,RI0008040R-01,Acid Factory Brook & Tribs,2014,Acid Factory Brook and tributaries.   West Greenwich,4.2982,Miles,https://mywaterway.epa.gov/plan-summary/RIDEM/60161
187495,01,RI,State,RIDEM,Rhode Island,RIVER,PATHOGENS,ENTEROCOCCUS BACTERIA,TMDL,60220,Baker Brook,State,N,Y,2014-09-17,RI0008040R-18,Baker Brook,2014,Baker Brook.  Richmond,1.3594,Miles,https://mywaterway.epa.gov/plan-summary/RIDEM/60220
219926,01,RI,State,RIDEM,Rhode Island,"LAKE, FRESHWATER",NUTRIENTS,NUTRIENT/EUTROPHICATION BIOLOGICAL INDICATORS,TMDL,58281,Scott Pond,State,N,Y,2014-08-12,RI0001003L-01,Scott Pond,2014,Scott Pond.  Lincoln,42.1267,Acres,https://mywaterway.epa.gov/plan-summary/RIDEM/58281
219927,01,RI,State,RIDEM,Rhode Island,"LAKE, FRESHWATER",ORGANIC ENRICHMENT/OXYGEN DEPLETION,DISSOLVED OXYGEN,TMDL,58281,Scott Pond,State,N,Y,2014-08-12,RI0001003L-01,Scott Pond,2014,Scott Pond.  Lincoln,42.1267,Acres,https://mywaterway.epa.gov/plan-summary/RIDEM/58281
219934,01,RI,State,RIDEM,Rhode Island,"LAKE, FRESHWATER",METALS (OTHER THAN MERCURY),LEAD,TMDL,56020,"Upper Ten Mile River ",State,N,Y,2014-04-17,RI0004009L-02,Slater Park Pond,2014,Slater Park Pond.   Pawtuc,21.3574,Acres,https://mywaterway.epa.gov/plan-summary/RIDEM/56020
219935,01,RI,State,RIDEM,Rhode Island,"LAKE, FRESHWATER",NUTRIENTS,NUTRIENTS,TMDL,56020,"Upper Ten Mile River ",State,N,Y,2014-04-17,RI0004009L-02,Slater Park Pond,2014,Slater Park Pond.   Pawtuc,21.3574,Acres,https://mywaterway.epa.gov/plan-summary/RIDEM/56020
219936,01,RI,State,RIDEM,Rhode Island,"LAKE, FRESHWATER",METALS (OTHER THAN MERCURY),METALS,TMDL,56025,Omega Pond,State,N,Y,2014-04-17,RI0004009L-03,Omega Pond,2014,Omega Pond.  East Providence,30.202,Acres,https://mywaterway.epa.gov/plan-summary/RIDEM/56025
219937,01,RI,State,RIDEM,Rhode Island,RIVER,PATHOGENS,FECAL COLIFORM,TMDL,56020,"Upper Ten Mile River ",State,N,Y,2014-04-17,RI0004009R-01A,Ten Mile River & Tribs,2014,"Ten Mile River and tributaries from the MA-RI border to the inlet to Turner Reservoir North, including Slater Park Pond.   Pawtucket",3.6034,Miles,https://mywaterway.epa.gov/plan-summary/RIDEM/56020
219938,01,RI,State,RIDEM,Rhode Island,RIVER,NUTRIENTS,"PHOSPHORUS, TOTAL",TMDL,56020,"Upper Ten Mile River ",State,N,Y,2014-04-17,RI0004009R-01A,Ten Mile River & Tribs,2014,"Ten Mile River and tributaries from the MA-RI border to the inlet to Turner Reservoir North, including Slater Park Pond.   Pawtucket",3.6034,Miles,https://mywaterway.epa.gov/plan-summary/RIDEM/56020
219939,01,RI,State,RIDEM,Rhode Island,RIVER,METALS (OTHER THAN MERCURY),COPPER,TMDL,56021,Lower Ten Mile River,State,N,Y,2014-04-17,RI0004009R-01B,Ten Mile River & Tribs,2014,Ten Mile River and tributaries downstream of Turner Reservoir South to the Omega Pond inlet.  East Providence,3.1518,Miles,https://mywaterway.epa.gov/plan-summary/RIDEM/56021
219973,01,RI,State,RIDEM,Rhode Island,RIVER,PATHOGENS,PATHOGENS,TMDL,60220,Baker Brook,State,N,Y,2014-09-17,RI0008040R-18,Baker Brook,2014,Baker Brook.  Richmond,1.3594,Miles,https://mywaterway.epa.gov/plan-summary/RIDEM/60220
219974,01,RI,State,RIDEM,Rhode Island,RIVER,PATHOGENS,FECAL COLIFORM,TMDL,60220,Baker Brook,State,N,Y,2014-09-17,RI0008040R-18,Baker Brook,2014,Baker Brook.  Richmond,1.3594,Miles,https://mywaterway.epa.gov/plan-summary/RIDEM/60220
252195,01,RI,State,RIDEM,Rhode Island,"LAKE, FRESHWATER",METALS (OTHER THAN MERCURY),CADMIUM,TMDL,56023,Central Pond,State,N,Y,2014-04-17,RI0004009L-01A,Turner Reservoir North (Central Pond),2014,Turner Reservoir North of Newman Avenue Dam (Central Pond).   East Providence,129.6866,Acres,https://mywaterway.epa.gov/plan-summary/RIDEM/56023
252196,01,RI,State,RIDEM,Rhode Island,"LAKE, FRESHWATER",NUISANCE EXOTIC SPECIES,NON-NATIVE AQUATIC PLANTS,TMDL,56023,Central Pond,State,N,Y,2014-04-17,RI0004009L-01A,Turner Reservoir North (Central Pond),2014,Turner Reservoir North of Newman Avenue Dam (Central Pond).   East Providence,129.6866,Acres,https://mywaterway.epa.gov/plan-summary/RIDEM/56023
252197,01,RI,State,RIDEM,Rhode Island,"LAKE, FRESHWATER",METALS (OTHER THAN MERCURY),LEAD,TMDL,56023,Central Pond,State,N,Y,2014-04-17,RI0004009L-01A,Turner Reservoir North (Central Pond),2014,Turner Reservoir North of Newman Avenue Dam (Central Pond).   East Providence,129.6866,Acres,https://mywaterway.epa.gov/plan-summary/RIDEM/56023
252198,01,RI,State,RIDEM,Rhode Island,"LAKE, FRESHWATER",NUTRIENTS,"PHOSPHORUS, TOTAL",TMDL,56020,"Upper Ten Mile River ",State,N,Y,2014-04-17,RI0004009L-02,Slater Park Pond,2014,Slater Park Pond.   Pawtuc,21.3574,Acres,https://mywaterway.epa.gov/plan-summary/RIDEM/56020
252199,01,RI,State,RIDEM,Rhode Island,"LAKE, FRESHWATER",NUTRIENTS,NUTRIENT/EUTROPHICATION BIOLOGICAL INDICATORS,TMDL,56020,"Upper Ten Mile River ",State,N,Y,2014-04-17,RI0004009L-02,Slater Park Pond,2014,Slater Park Pond.   Pawtuc,21.3574,Acres,https://mywaterway.epa.gov/plan-summary/RIDEM/56020
252200,01,RI,State,RIDEM,Rhode Island,"LAKE, FRESHWATER",METALS (OTHER THAN MERCURY),LEAD,TMDL,56025,Omega Pond,State,N,Y,2014-04-17,RI0004009L-03,Omega Pond,2014,Omega Pond.  East Providence,30.202,Acres,https://mywaterway.epa.gov/plan-summary/RIDEM/56025
252201,01,RI,State,RIDEM,Rhode Island,RIVER,NUISANCE EXOTIC SPECIES,NON-NATIVE AQUATIC PLANTS,TMDL,56020,"Upper Ten Mile River ",State,N,Y,2014-04-17,RI0004009R-01A,Ten Mile River & Tribs,2014,"Ten Mile River and tributaries from the MA-RI border to the inlet to Turner Reservoir North, including Slater Park Pond.   Pawtucket",3.6034,Miles,https://mywaterway.epa.gov/plan-summary/RIDEM/56020
252202,01,RI,State,RIDEM,Rhode Island,RIVER,PATHOGENS,ENTEROCOCCUS BACTERIA,TMDL,56021,Lower Ten Mile River,State,N,Y,2014-04-17,RI0004009R-01B,Ten Mile River & Tribs,2014,Ten Mile River and tributaries downstream of Turner Reservoir South to the Omega Pond inlet.  East Providence,3.1518,Miles,https://mywaterway.epa.gov/plan-summary/RIDEM/56021
